m001/  中國將抗拒重估人民幣幣值的壓力，各方將把更多焦點放在北京奧運，中國面臨非常高的期待。預測指出「僅僅變成「歷來最佳」仍不足夠，未達完美，都會令人失望。」,
m002/  報導說:「穆夏拉夫在年底前下台的機率超過五成。」,
m003/  報導說:「穆夏拉夫在美國及巴基斯坦軍方的支持者，可能會斷定他太過腐敗且造成分裂，不值得進一步支持。有一段期間會越來越不穩定，如今已無法避免。」,
m004/  穆夏拉夫風雨飄搖的二零零七年，最後幾天因為反對黨領袖碧娜芝布托遭到暗殺而飽受震撼，他明年面臨的情況還會更糟。,
m005/  預測指出，然而「他不會變成獨裁者」，因為在克里姆林宮，權力分由數人掌握。,
m006/  在其他地區，俄羅斯總統蒲亭將於明年三月選舉後任期屆滿下臺，但是他將在莫斯科保有「實權」，因為國會可能成功地通過投票將權力轉移給擔任總理的他。,
m007/  預測又說:「然而美國經濟不會迅速反彈，將會長期持續低成長，在那段期間內，美國很容易受到任何進一步經濟衝擊的影響。」,
m008/  該報預測，但美國經濟本身應該能夠避開全面性災難。它說:「二零零八年年初，美國將游走在衰退邊緣，但應該能避免陷入衰退。」,
m009/  在全球經濟方面，金融時報說，今年源自美國的信貸災難將持續下去，預測補充說「真正的最大不確定性在於是否會進一步蔓延擴大」。,
m010/  雖然特別指出希拉蕊對手歐巴馬的支持度急劇升高，但金融時報認定「她領先其他民主黨參選人的幅度大且非常穩定。即使是歐巴馬，也幾乎不可能扭轉情勢。」,
m011/  報導說:「除了大爆冷門外，民主黨總統提名人可望贏得這次選舉，而這個(布希)政府如此不得人心，希拉蕊將獲得提名。」,
m012/  金融時報說，在美國，希拉蕊「最可能」贏得十一月舉行的總統選舉。,
m013/  「金融時報」今天預測，希拉蕊將在二零零八年贏得美國總統大選，而世界最大經濟體美國將能免於陷入全面衰退。其他二零零八新年預言，總部設在英國的金融時報預測中國不會重估人民幣幣值，而巴基斯坦總統穆夏拉夫下台的機率超過五成。,
m014/  中華民國駐美代表處今天公告，明天元月一日為元旦假期，代表處比照美國聯邦政府放假一天，領務櫃臺也暫停服務。僑胞、留學生及訪美國人如有緊急事件需代表處協助，可撥求助電話。,
m015/  統計數字顯示，在今年九億兩千萬元的廣告花費中，有百分之八點二投入小型利基網站，較去年的百分之七上升。報告也預估，明年這些小型社會網絡網站的廣告比例，將佔全部廣告的百分之十。,
m016/  根據報告，廠商今年投入在大型社會網絡網站的廣告，佔所有社群網絡廣告超過七成，不過，較小的社會網絡網站廣告市場也在成長。,
m017/  以會員為常搭噴射客機環遊世界闊佬的社會網絡網站為例，只以邀請方式接受會員申請，擁有約三十萬名菁英會員，廣告大戶則包括卡地亞、博柏利、路虎等高級名牌廠商。,
m018/  另外，美國市場上也逐漸出現針對不同族群的小型社會網絡網站，例如針對夜店族群、品酒族群、離婚族群、音樂族群等設立不同網絡。這些社會網絡網站針對不同族群，成為廣告廠商投入廣告的最佳利基市場。,
m019/  大型社群網絡網站，如臉書據統計已建立五千九百萬個用戶檔案，更達上億。這些網站讓會員建立個人化網頁，與朋友分享照片、歌曲與最新資訊。,
m020/  報告作者阿霍威廉森指出，二零零七年，美國有七成的年輕人和近百分之四十的成年人，至少一個月使用一次線上社群網站。,
m021/  根據追蹤網路廣告的研究公司發佈的最新報告「社會網絡行銷:廣告花費與使用」，美國廣告商正熱切投入資金，對這些社會網絡網站進行實驗。,
m022/  隨著臉書等線上社群網絡網站成功發展並日益普及，美國市場研究報告顯示，這些網站的多樣性與利基市場在二零零七年攻佔美國廣告市場達九億兩千萬美元，較去年成長百分之一百六十九，預估二零零八年將再成長近百分之七十，達十六億美元。,
m023/  至於日前屢與綠營議員爆發口角的勞工局長蘇盈貴的特別費，也被議員盯上。國民黨團書記長林奕華表示，蘇盈貴在議會言行確有可議之處，特別費仍有討論空間。,
m024/  此外，綠軍占優勢的民政委員會，則是對與選舉相關的首長特別費有意見;郝龍斌、副市長吳秀光、民政局長黃呂錦茹的特別費，三人在選務工作扮演要角，委員會也建議特別費預算打對折。,
m025/  藍營則是強烈捍衛市長的「私房錢」，台北市議會國民黨團書記者林奕華表示不會退讓。,
m026/  民進黨籍市議員吳思瑤也舉例，國家重大慶典的插旗預算、屬民政部門的幸福專案，都可以編列在經常門預算，市府卻擬動用第二預備金支應，嚴重違反預算法七十條的規定，擬刪成三億元。,
m027/  市議會新黨召集人王鴻薇也表示，雖然新黨支持郝龍斌的施政，但市府浮濫編列第二預備金，例如以第二預備金補助低底盤公車採購預算四千五百萬元，顯然不符編列原則，身為在野黨應表達監督之責任，建議刪除第二預備金一億五千萬元的預算。,
m028/  無黨籍市議員簡余晏舉例明華園的藝文補助科目重覆編列在教委會及第二預備金，不符合第二預備金編列的原則，建議打五折。,
m029/  市府編列明年的市長第二預備金新台幣七億四千萬元，在野的民進黨、新黨及無黨籍議員皆質疑市府未循經常門預算編列，或有浪費、重覆編列之嫌，成為朝野審查重點。,
m030/  由於九十七年度台北市政府總預算是郝龍斌就任後，郝市府首度自行編列執行的預算，藍綠攻防備受矚目。不過，郝龍斌的重要施政淡水河整治項目則未被在野黨多做刁難，輕騎過關，市長的第二預備金及與選舉攸關的民政部門首長特別費則成為藍綠陣營角力的戰場。,
m031/  依照目前政黨協商的氣氛與進度，議會明天凌晨將會針對六個委員會暫擱議案進行朝野協商，明天傍晚可望協商完畢，預算將可進入三讀。,
m032/  台北市議會自二十四日起進行大會二讀審查，國民黨團發出甲級動員令，欲讓市府預算順利過關，不過，民進黨屢提出異議，議案只好暫擱。依往例，跨年夜仍挑燈夜審，到市府廣場倒數跨年後，再返回議場續審。,
m033/  台北市議會今天挑燈夜審明年度台北市政府總預算，被視為郝龍斌主要施政的整治淡水河項目輕騎過關，不過，在野黨對於被喻為市長「私房錢」的第二預備金編列方式有意見，此外，綠軍占多數的民政委員會也刪除首長特別費，因此，第二預備金與部分特別費將成大會表決焦點。,
m034/  為遏止更多暴力衝突，當局已經禁止電視實況轉播選舉相關的新聞。,
m035/  自從本月二十七日的大選以來，全國至少已有一百二十四人喪命。這次選舉讓原本較穩定的非洲民主國家肯亞面臨動盪崩潰的邊緣。,
m036/  一名高階警官表示，奈洛比幾個貧民窟也發生衝突事件，四十多人喪生。,
m037/  肯亞西部地區昨晚因部落動亂、警方和掠奪者及反對陣營分子發生衝突，至少六十四人喪命。,
m038/  而歐丁嘉本預定今天在一場大規模集會中，自行舉行就職儀式，但由於全國各地爆發暴力衝突，這名反對黨領袖將集會時間延至一月三日。,
m039/  雖然遭到涉嫌選舉舞弊的廣泛指責，吉巴基昨天已經正式宣誓就職，展開第二個任期。,
m040/  在敗北的反對黨總統候選人歐丁嘉拒絕承認現任總統吉巴基當選連任後，肯亞爭議性的總統大選引發新一波暴力衝突，今天已造成一百多人喪命。,
m041/  他說，目前台灣大部分項目都已開放，只有少數項目限制外國人持股比例，例如電信、有線電視等產業。台灣已向美方答覆希望繼續推動，目前正在等待美方答覆，希望愈快愈早，儘速促成雙邊簽署。,
m042/  鄧振中說，今年度台美雙方舉行過五次視訊會議，雙方代表就協定觀念、涵蓋範圍等細節進行討論。今年秋天，美方希望台灣提出開放項目清單。,
m043/  前台北市美國商會會長柯星漢在今天出爐美國商會雜誌評論指出，台美官員過去一年努力為自由貿易協定的僵局解套，選項之一就是「雙邊投資協定」。鄧振中晚間接受中央社記者訪問，提及目前雙方談判最新進度。,
m044/  蘇煥智說，舉辦跨年晚會的「陽光電城」未來會是全國最先進的太陽能社區，明年的台灣燈會也將在此舉辦，南科特定區的發展也將呈現在全國民眾的眼前，歡迎全國民眾屆時都能前來參觀台灣燈會。,
m045/  晚會由藝人楊千霈與洪都拉斯擔任主持人，並邀請創作歌手張懸開場演唱，接著由范瑋琪、飛輪海、張峰奇、辛曉琪、羅美玲、蔡旻佑等藝人接力演唱，最後由黃立行陪同蘇煥智及縣府一級主管一起倒數計時，倒數後的壓軸演唱則由在台南獨家登場的鋼琴王子蕭敬騰擔綱。,
m046/  台南縣跨年晚會活動從接近傍時間開始，就有許多歌迷前往排隊，並在縣府服務台領取祈福竹片，寫下新年新希望，掛在入口處的祈福許願牆。,
m047/  台南縣政府今晚在南科特定區陽光電城舉辦「二零零八台南縣首平祈福跨年晚會」，吸引上萬名眾前往參加。縣府安排許多超人氣歌手及團體前往演唱，縣長蘇煥智打扮成「太陽勇士」造型，率領縣府一級主管與民眾一起倒數計時，迎接二零零八年的到來。,
m048/  針對公民投票的一階段、二階段領投票爭議，台北縣選舉委員會今天舉行委員會議，因應社會輿論的變動，以及兼顧社會秩序安寧，決議立委選舉與公民投票採取「兩階段領票、一階段投票」的方式進行。各領票桌間隔至少一公尺，讓立委選舉與公投無法產生連動性。,
m049/  行政院發言人謝志偉晚間證實，行政院長張俊雄今天批定撤換台中市選委會主委蕭家旗和台北縣選委會主委鄧民治。據瞭解，接任人選分別為民主進步黨籍的中市選委會委員薛秋發、北縣選委會委員張清芳。,
m050/  台北縣選舉委員會主委鄧民治今晚遭行政院撤換，他在受訪時表示，至今尚未接到公文，仍是行政院派任的選委會主委;政府單位人事一切以公文書面為準，在沒有接到人令公文之前，不表示意見。,
m051/  替歐巴馬站台助選的北達柯達州參議員康拉德就以伊戰為例，有人批評歐巴馬不夠經驗，但事實上，歐巴馬已經有足夠經驗做出正確判斷，那些自稱有經驗的人卻做錯事，要人民付出代價。,
m052/  至於對手弱點方面，歐巴馬提醒選民，民主黨內真正反對美國對伊拉克開戰的參選人是他，希拉蕊以及愛德華茲都投票支持布希總統的伊戰政策，但他自己當初就是反戰而當選伊利諾州州參議員。,
m053/  歐巴馬的反駁受到現場愛州民眾的鼓勵，他繼續說，對手也攻擊他個性太溫和不懂得善用憤怒，但在華盛頓，太多人趕熱潮對共和黨宣戰，華府不缺乏怒氣，民眾不需要更多的怒氣來升高溫度，民眾需要光明來指引方向。,
m054/  歐巴馬強調，愛州選民必須了解何謂真正的賭運氣，「那就是一群同樣的老人，一年又一年做同樣的事情，還聲稱會有不同的結果」。,
m055/  他說，有人批評他在華盛頓的時間還太短，只有三年，選民會覺得不夠經驗，尤其他的言行還不夠成熟像其他參選人，他也暗指希拉蕊攻擊他「投票給歐巴馬，像在擲骰子賭運氣」。,
m056/  歐巴馬三十日透過「國家廣播公司」新聞網「與媒體有約」專訪，全力反駁自己太年輕的論點，他承認，對手散播這樣的說法「可能發生作用」。,
m057/  愛阿華州將在一月三日舉行初選投票，目前民調顯示，民主黨在愛州呈現三強鼎立局面，歐巴馬、希拉蕊、與前參議員愛德華茲纏鬥，而希拉蕊與愛德華茲近日猛批歐巴馬太年輕，擔任參議員僅三年，不夠資格擔任美國總統。,
m058/  美國總統初選愛阿華州黨團會議即將在三天後投票，民主黨參選人黑人參議員歐巴馬三十日全力辯駁缺乏經驗的說法，他承認對手這樣攻擊發生作用，他聲言，自己多年社區組織工作足夠讓他成為最合格的民主黨總統人選。,
m059/  不過，就一般資產管理公司，投言業者，均有風險控管的機制，相信單一經理人要獨自操作為所欲為或者與市場有所勾結，並不容易，一般投信業者大都還是會選擇善良管理經理者。,
m060/  寶來投信投資研究處副總胡曼玲表示，就立法精神可讓市場機能更公平自由，當然樂觀其成，不過，也讓市場派操控的空間加大，如何嚴防「惡意併購」弊端恐怕是另一個議題。,
m061/  金管會研擬修正「證券投資信託事業管理規則」，使投信基金經理人可依受益人最大權益，行使持有股票公司的投票表決權，擺脫依法只能受董事會公司派左右的現狀。,
m062/  最後則是在紐約時報廣場，數以萬計的民眾將參與狂歡派對迎接新年。,
m063/  在歐洲，估計超過三十五萬人將聚集在倫敦泰晤士河兩岸，觀看壯觀的煙火表演，而在愛丁堡也將舉行傳統大型除夕慶典。不過英國警方也呼籲飲酒不要過度，媒體則預期午夜過後各地民眾嘻鬧的行為將增加。,
m064/  在日本，新年是一年中闔家團聚的重要節日，今年卻因為天候不佳而讓節慶氣氛受到影響，估計七千三百人受困機場。,
m065/  在新加坡，根據「海峽時報」報導，預計十六萬民眾聚集在濱水區，觀看八分鐘煙火表演。,
m066/  在中國，國營媒體報導，國家主席胡錦濤發表新年文告，呼籲世界和平與發展。,
m067/  而在台灣，主辦單位表示，儘管天氣寒冷，估計多達六十萬群眾聚集在台北一零一大樓附近一同迎接新年。,
m068/  在曼谷，鑑於去年十二月三十一日跨年時泰國首都曼谷傳出炸彈攻擊造成三人死亡，今年當局加強安全戒備，但警方向上街頭慶祝的一萬多名群眾保證，並無新的攻擊威脅。,
m069/  民眾在雪梨狂歡，享受二零零八年的開頭數分鐘，不過亞太地區其他大城的群眾今晚也相繼向二零零七年告別。,
m070/  雪梨港大橋的巨型鋼鐵拱門再度成為煙火表演的主軸，巨型霓虹計時器顯示出時光流逝的主題。,
m071/  在澳洲最大城雪梨，時間一過午夜，巨大的紅色與綠色煙火光芒立刻照耀溫暖的夜空，歡慶新年的民眾在公園裡搶好位置，以觀賞耀眼眩目的煙火秀。,
m072/  蔣家第四代蔣友柏認為，國家若承認兩蔣是中華民國總統或台灣國總統，是這塊土地歷史的一部分，則應比照前總統嚴家淦移靈到五指山;否則就由家屬自己處理，尊重遺言把遺體燒成骨灰送回浙江溪口安葬。,
m073/  蔣家家屬蔣孝嚴則說，立委選後將拜會前行政院長郝柏村，盼他出面召集蔣家後代共商相關事宜。,
m074/  對於兩蔣移靈事宜，蔣家媳婦蔣方智怡曾表示，不會移靈到五指山公墓，因為前總統蔣經國曾說，希望可以葬在母親旁，也就是中國浙江奉化。,
m075/  據了解，兩蔣靈寢撤哨後，行政院評估幾個因應方案，辦理移靈是方案之一，由桃園縣政府接管也是方案之一。行政院高層表示，如果蔣家家屬確定不移靈，才會有誰來接管的問題，但接管問題牽涉很廣，地方政府是否有接管能力，沒有人知道。,
m076/  他說，在蔣家家屬取得共識前，國防部將維持園區現狀，派憲兵定時巡邏，加強安全監管，地方警力也會配合維安工作。,
m077/  行政院政務委員黃輝珍今天說，各界密切關注和討論兩蔣移靈議題，尚未形成共識前，陵寢移交的相關研議自應暫緩，並且不對外開放;政府目前傾向優先研議兩蔣移靈問題，如果蔣家家屬取得共識，政府會全力照原計劃全力配合;在移靈完成前，國防部繼續就陵寢安全做好維護工作。,
m078/  他表示，中央只有同意的核派權，不能修改規章後，追溯以前的行政行為，況且十月三十一日台中市選委會第二二二次委員會議決議採取二階段領投票，是由時任主委的台中市長胡志強主持會議，他接任代理主委後執行委員會決議，何錯之有?,
m079/  蕭家旗說，若他的主委職真的被撤換，過程並不符法定程序，他將在收到正式公文後依法定程序申訴，採取行政救濟。,
m080/  蕭家旗晚間九時多陪同國民黨總統參選人馬英九參加台中市跨年晚會，才步下舞台就聽到已遭政院撤換的消息，忙著打電話查證，但辦公室尚未接獲電子公文。,
m081/  台中地檢署檢察官今天指揮海巡等司法單位，分別前往大里市公所等八處地點搜索，查扣部分與賄選疑案有關的證物，同時約談林仲毅等十五人訊問或作證。,
m082/  她說:「可以回到這裡贏得第一輪比賽，真的很困難，因為佩特洛娃是全球一等一的好手。我今天對自己感到驕傲。」,
m083/  但今年對上佩特洛娃時賈嬪並沒有遭遇這樣的問題，面對對方的抽球均能順利追擊，並且利用自己涵蓋球場的防禦，力克來自俄國的強敵。,
m084/  義大利網球女將賈嬪今天在澳洲女子硬地網球賽首輪，以五比七、七比五和六比三，擊敗名列大會第二種子的俄羅斯好手佩特洛娃。,
m085/  麥當勞表示，這是繼餐廳、得來速提供二十四小時不打烊服務後，進一步提昇麥當勞「方便平台」，讓消費者感受全天候外送服務，「歡樂送」服務不限最低外送金額，相關資訊，可參考台灣麥當勞網站。,
m086/  台灣夜生活消費蓬勃發展，「都會夜貓族」已成為最流行的新興消費族群。為了更貼近消費者生活型態，台灣麥當勞公司今天宣布，自二零零八年一月一日起，在台北、台中及高雄三大都會區推出二十四小時「歡樂送」。消費者只要打一通訂餐專線，三十分鐘內就可享用美味餐飲。,
m087/  公職人員選舉罷免法第八條規定，直轄市、縣市選舉委員會隸屬中央選舉委員會，各置委員若干人，由中選會提請行政院院長派充之，並指定一人為主委。,
m088/  不過，行政院下午發出撤換蕭家旗和鄧民治的公文。謝志偉表示，這兩個縣市選委會主委已達撤換標準，行政院公文發出去前，他們沒有任何表示，行政院的公文流程不會等人。,
m089/  明年立委併公投領投票爭議引發關注，原本堅持二階段投票的國民黨，二十九日宣示接受中選會一階段投票版本。,
m090/  行政院高層受訪表示，這兩個縣市選委會主委先前的公開發言態度強硬，「沒有把中央放在眼裡」，例如蕭家旗今天還表示不會認錯、更不會道歉，行政院當然要處理。,
m091/  她說:「我擁有許多機會，我沒拿下的局末點也不少，因此得分原本能有些不同。」,
m092/  戴凡波目前世界排名七十二，尚落後葛蘭維爾的六十一，但她曾三度在大滿貫賽封后的實力，相信沒有人會懷疑。,
m093/  非種子的戴凡波輕鬆以六比二，六比三擊敗同胞選手葛蘭維爾。,
m094/  立委選舉是總統大選的前哨戰，國民黨秉持「頭過身就過」的原則，立委選舉沒有輸的本錢，即使馬營有不同意見，主導立委選戰的國民黨中央在贏得最多席次的考量下，拒領公投票的策略是「箭在弦上、不得不發」，國民黨壓箱寶盡出，就看選民是否買帳。,
m095/  馬英九幕僚指出，四年前公投綁大選，連宋敗給陳呂的前車之鑑，讓人不能不心存警戒，黨中央推動拒領公投票，的確擔心是否會波及明年三月二十二日的返聯公投，影響總統大選選情。不過，在黨中央定調僅拒領立委選舉公投票後，馬英九終於表達「尊重國民黨的政策」。,
m096/  不過，這場拒領公投票的戲碼中，馬英九的態度也讓外界好奇。馬英九一直到昨天仍強調會領取反貪腐公投票。接近馬英九人士說，馬英九直到二十九日才聽到拒領公投票的消息，馬英九今天一早和吳伯雄會面後敲定，「馬英九尊重黨中央針對一月十二日立委選舉和公投的主張」。,
m097/  另外，新黨與紅黨等泛藍小黨推動的拒領公投票，已經威脅國民黨的政黨票，適時推出拒領公投票，黨內形容這是為「淹沒小黨的聲音」，除了重振泛藍共主的地位外，更是為政黨票積極催票。,
m098/  拒領公投票除了凸顯國民黨的訴求，徹底與民進黨分道揚鑣外，更有保持投票的平順，確保國民黨立委選舉成果的功效。即使投票出亂子，就如同黨主席吳伯雄所說，如果未來選舉有任何紛爭混亂，將由行政院與民進黨負全部責任，國民黨已從領投票爭議脫身。,
m099/  領投票爭議造成藍綠高度對峙，這項屬於純選務技術的爭議，引發民眾的反感，甚至傳出不投票的反應。黨內民調顯示，只有三分之一的選民在乎公投，因此棄守二階段，拒領公投票，也成了確保大好立委選情的必要措施。,
m100/  立委選前兩週，今天國民黨公開呼籲選民拒領公投票，黨內人士指出，此舉除讓國民黨擺脫領投票爭議的泥淖，徹底和民進黨分道揚鑣，以確保目前的優勢選情外，更有排除泛藍小黨分食政黨票的企圖，盼全力催出政黨票。,
m101/  他指出，數年前由於投資人高度看好房地產，房價持續飆升，很多美國民眾天真認為房價永遠不可能下跌，但現在真的很可能陷入衰退，「這是典型的泡沫現象」。,
m102/  數年前席勒創造「非理性亢奮」一詞，並被前美國聯準會主席葛林斯潘引用，聲名大噪。,
m103/  報導指出，下週史坦普凱斯席勒房價指數顯示，今年十月份美國房價指數跌幅創下六年多來最大單月跌幅，位在邁阿密的房屋價值大跌百分之十二。,
m104/  席勒說，目前美國期貨市場行情已經反應短期房價下跌的趨勢，史坦普房價指數已經下跌近百分之十四。「未來五年，房價期貨合約在諸如佛羅里達州、加州及拉斯維加斯等地區，將慘跌百分之三十五，美國的經濟衰退可能將延續數年的時間」。,
m105/  席勒是美國知名史坦普凱斯席勒房價指數創辦人之一，他說，「美國房地產價值已下跌一兆美元(約新台幣三十三兆元)，未來幾年房地產價格非常可能再下跌到三倍，房價暴跌的問題比次級房貸還嚴重，現在我們說的是數兆美元的損失」。,
m106/  耶魯大學經濟學教授席勒指出，美國經濟很可能步上日本的後塵，隨著房貸連續下跌數年，經濟可能因此陷入衰退。,
m107/  金門跨年晚會，邀請知名藝人黃小柔主持，參加表演的有木吉他雙人民歌演唱、台語實力派歌手方怡萍、國語歌手許嘉凌、辣妹熱舞、樂團、嘻哈舞團，現場熱歌勁舞，學生們釋放熱情，氣氛強強滾，讓歲末寒冬的金門，越夜越美麗。,
m108/  福建省主席陳景峻、金門縣長李炷烽、縣議長謝宜璋、金防部指揮官楊天嘯中將、立法委員吳成典等到場向民眾賀年，首次在金門跨年的陳景峻，祝福大家新年快樂、萬事如意。,
m109/  不同於去年的紅色大衣架，今年懸掛在雪梨海港大橋上的主題燈飾為時光沙漏，正好切合「榮耀時光」主題。隨著午夜時分逼近，現場氣氛一度顯得焦躁，但雪梨海港大橋週邊燈火頓時熄滅，只見兩側橋墩反射出的倒數時間，民眾的焦躁情緒立刻變得興奮，全場同聲倒數迎接二零零八年的第一刻的同時，璀璨煙火瞬間照亮整個雪梨夜空，民眾歡呼聲此起彼落，為這場跨年煙火秀劃上美麗句點。,
m110/  「榮耀時光」跨年活動正式於當地時間晚上八點(台灣時間晚間五點)以澳洲原住民歡迎儀式揭開序幕，之後每五分鐘以雷射特效在雪梨海港大橋上反射出各式各樣圖案營造派對氣氛、調足觀眾胃口。同時為了配合孩童就寢時間，主辦單位九點先進行小型的家庭煙火秀熱身，帶動整晚第一波高潮。,
m111/  雪梨市政廳為了一雪前兩年「小氣」、「氣氛不夠嗨」的批評，今年特地斥資一百三十萬澳幣(折合新台幣約三千七百萬元)、準備三千多公斤的火藥打造讓人驚豔的跨年煙火秀。,
m112/  不似南澳熱浪襲人或是黃金海岸暴風雨，雪梨今天氣候溫煦宜人，許多民眾因此一早即攜家帶眷或是和三五好友到雪梨海港大橋週邊打地舖、野餐，「霸佔」各個絕佳觀賞煙火位置，勢必不錯過這場年度派對。,
m113/  三星彩正彩中獎號碼為七四三，正彩有十三注中獎，各得獎金一萬兩千五百元，組彩中六組彩有兩百七十九注中獎，各得獎金兩千元，對彩有八百五十二注中獎，各得獎金七百五十元。,
m114/  他說:「申報工作在外界眼中將測試平壤是否真的願意成為無核武國家。鑒於當前的僵局，北韓必然還沒做出戰略決定。」,
m115/  申報作業的狀況尚不清楚，但某些分析家預期將延遲數月。,
m116/  由美國出資並監督的去功能化作業，由於技術性理由，預料已無法在最後期限前完成。但根據日本共同社報導，北韓也告訴美國，北韓已減少負責去功能化作業工人的輪班時間。,
m117/  溪洲部落目前有四十二戶一百八十多人。因為位於新店溪行水區，縣政府即將拆遷，輔導住民進駐三峽原住民文化園區。台北縣政府原住民行政局今天表示，到明年執行拆除作業前，仍會保留部落居民進住的資格。依據縣府水利局的執行計畫，拆除作業將在明年汛期，也就是五月一日以前執行。,
m118/  至於新年新希望，張祖淼表示，最切實際的就是希望外界體會居民就地安置的心情，「不要拆我們的部落」就是最大的希望。,
m119/  晚會中，還有楓香舞蹈團、明日之星舞蹈團及方舟舞蹈團等基隆在地的藝文團體也賣力演出，主辦單位同時還提供二零零八奧運紀念金幣套組、台北至曼谷七天六夜精緻旅遊套裝行程、台北至曼谷免費機票、長榮桂冠酒店住宿券，以及高級護膚禮盒、晶鑽戒指、電磁爐等多項大獎，供民眾憑活動傳單摸彩聯參加摸彩。,
m120/  「活力基隆嗨翻天」跨年活動晚間，晚間在東四碼頭展開，跨年晚會由藝人黃子佼及李佩甄主持，現場還邀知名歌手蔡健雅、蘇慧倫、戴佩妮、張智成、戴愛玲、王宏恩、樂團等偶像歌手與市民一同歡喜迎接新年。,
m121/  歐盟會員國領袖十四日在布魯塞爾召開高峰會時，雖承諾將在解決柯索伏未來地位上扮演領導角色，並決定派遣民間工作團前往柯索伏，以防範當地發生暴力行動，但包括斯洛維尼亞、羅馬尼亞、西班牙與希臘等歐盟國家，仍對柯索伏走向獨立可能引起歐洲其它地區的分離運動表示擔心;而賽普勒斯則已表明反對柯索伏獨立的立場。,
m122/  然而二十六歲的小威經驗老到，展現過人膽量，最後以六比零、二比六和七比五取勝。,
m123/  小威第一盤靠著重砲發球與強勁底線抽球，以六比零力克沙伐洛娃。但第二盤沙伐洛娃反擊取勝，比賽進入決勝第三盤。,
m124/  世界排名第七的小威才搭機抵達伯斯略微超過二十四小時，就立刻展開今年球季首場比賽，鏖戰三盤擊敗對手沙伐洛娃;小威說，她仍渴望重登世界排名第一寶座。,
m125/  美國網球女將小威廉絲不受時差影響，今天在霍普曼杯網球賽中，率領美國以三戰全勝戰績擊敗捷克。,
m126/  主持人侯昌明說，站上台的人都要唱個歌，馬英九、蕭家旗、立委蔡錦隆及多名台中市議員，就一起合唱「月亮代表我的心」，唱完後，馬英九接著祝福大家「民國九七人人得意、二零零八家家大發」後即離場。,
m127/  馬英九一出場向現場觀眾問好時就出槌，先說台北市民好，驚覺不對，馬上改口說台中市民好，一旁的台中市副市長蕭家旗緩頰說，因為去年台中市跨年晚會與台北市連線，馬英九當成還在兩地連線，蕭家旗也與馬英九一樣，先向台北市民問好，再向現場的台中市民問好。,
m128/  台中市跨年晚會今年邀請演出的卡司超強，台中體育場都被人群擠爆，在小天后蔡依林、羅志祥、張韶涵等多名藝人表演後，馬英九在晚上九時十分趕到晚會現場，向台中市民問好。,
m129/  台中市跨年晚會今晚在台中體育場登場，國民黨總統參選人馬英九在晚上九時十分現身晚會，還與台中市副市長蕭家旗上台高歌一曲「月亮代表我的心」，不過，馬英九今晚連趕多場跨年晚會，在向台中市民問好時「出槌」，先喊出「台北」市民好，發現出錯，隨即改口台中市民好。,
m130/  他說，國民黨一定要努力贏回執政權，才能實踐對人民的幸福承諾。在未來的選舉中，國民黨必須確保民主的公平正義，不能讓執政者的「奧步」得逞。,
m131/  馬英九表示，有更多來自民間的聲音告訴他，人民要的是平平安安過好日子，不要再失業。許多老師和家長告訴他，一定要政黨輪替，讓這個貪腐的政權得到教訓;如果不結束當權者的粗暴語言和仇恨政治，都不知道怎麼教育孩子。,
m132/  他表示，友邦派人來台表示關切，深怕總統選舉無法如期舉行，政權能否和平轉移，台灣變局會破壞亞洲好不容易建立起來的和平發展大趨勢。,
m133/  馬英九說，在任何一個民主國家，執政黨發出這種言論，早就變成政壇風暴了。但台灣，卻彷彿是執政者的語言遊戲，而渾然不知，這些言論，已讓台灣的民主形象蒙羞，讓國際友邦憂心。,
m134/  他說，中選會變新聞局的傀儡，選舉的程序正義蕩然無存;仇恨的政治語言與行動不斷製造傷害，歷史的苦難變成政治提款機;檢察機關被社會質疑，一個特別費案的起訴與否，有幾種標準;選舉變成只是權力的工具，而不是人民當家做主的的莊嚴實踐。甚至，連總統也講出「延選、選舉無效、戒嚴」等反民主的言論。,
m135/  馬英九明天將參加元旦總統府升旗典禮，並發表元旦講話。他說，回顧過去的這一年，不能不感到戒慎恐懼。台灣好不容易建立起來的民主制度，陷入前所未有的荒謬處境。獨立機關不獨立，政府不像政府。,
m136/  在香港的民調負責人艾薩克表示，香港的強勁經濟，在推升信心上扮演重要角色。,
m137/  紐西蘭、澳洲及印度對於明年樂觀的程度僅次於香港。這項調查十月及十二月在十一個國家進行。,
m138/  李昆澤強調，發生在去年底的市長選舉「走路工案事件」影帶為真實，並非變造或作假，社會與司法已有明斷，籲對手不要信口開河。,
m139/  李昆澤表示，已掌握對手污衊他的所有證據，若侯彩鳳無法提出對她自己有利的證明，純屬亂栽贓李昆澤，就請立刻退出選舉、退出政壇。,
m140/  李昆澤在下午三時由律師劉思龍陪同到高雄地檢署，按鈴控告侯彩鳳違反選罷法及加重誹謗。李昆澤表示，三民東區已成為全國最激烈戰區，國民黨鋪天蓋地抹黑、栽贓，甚至打人喊救人，還要告。,
m141/  衛生部發言人謝辛透過官方的「中東新聞社」發布聲明說，這名來自尼羅河三角洲孟魯費省的三十六歲婦人，本月二十九日因高燒住進醫院，今天不治死亡。,
m142/  埃及衛生部說，一名埃及婦女因感染禽流感病毒而在今天不治。這是不到一週內，埃及發生第三起死於禽流感的病例。,
m143/  台北市美國商會最近開始討論哪些是重要的雙邊投資協定議題，柯星漢表示，這些不是傳統雙邊投資協定的議題，卻是未來可能出現的投資障礙，例如外資投資案審查政治化、中央銀行任意限制資金流動、工商團體代行公權力欠缺透明度及可信度、禁止外資具中資持股、簽證及工作許可的限制等。,
m144/  柯星漢指出，台灣還是有類似的大型標案，美商也樂見限制政府徵收的額外保障措施，但局限於傳統議題的雙邊投資協定，對台灣的狀況而言仍然不夠，更嚴格限制政府徵收的保障措施，也不會增加美國對台投資;台美雙方未來談判雙邊投資協定時的真正挑戰，正是目前亟需處理的議題。,
m145/  柯星漢認為，雙邊投資協定是自由貿易協定的基石，可稱為「輕量級」自由貿易協定，但雙邊投資協定的內容必須切合實際需要，才有實質意義，除了要解決美國在台投資所面臨的重要議題，也需要談判代表按步就班、耐心處理，以及願意跳脫框架思考問題。,
m146/  柯星漢表示，這項協定包含美國制式自由貿易協定中的投資及服務業章節，投資及服務業對兩國未來經貿關係影響深遠，雙邊投資協定正能讓兩國重新專注於這兩項領域，避免談判被關稅議題的枝微末節拖住。,
m147/  呂桔誠二零零六年九月主動請辭政務委員職務，並發表「辭卸公職、回歸民間」聲明後，外界曾一度傳出他可能回鍋台灣銀行，擔任董事長。但位於台南市的京城銀行二零零六年底隨即宣布延攬呂桔誠擔任董座，負責企業改造，計劃把區域型銀行改造為全國性銀行。,
m148/  官員表示，公股握有較多董事席次，對董事長人選有決定權，在董事長人選還沒有確定前，會先從董事中找一位人選代理董事長，由於公務員身分不能代理，因此蔡友才較適合作為代理人選。,
m149/  主辦單位之前已經承諾今年的傳統煙火表演「在藝術上非常大膽」，施放之際伴隨電子合成音樂，包括非常生動的舞蹈、迪斯可及搖滾，甚至包括用真假嗓音反覆變化的約德爾調。,
m150/  考特表示:「由於深睡時間減少是老化和一般肥胖相關睡眠疾病的典型現象，這些結果顯示，改善睡眠品質和數量的策略，也許有助於防止或延後可能罹患第二型糖尿病人口的發病時間。」,
m151/  但是其中八人的胰島素分泌量並未增加，因此血液中的葡萄糖濃度增加百分之二十三。,
m152/  當志願接受實驗者的睡眠受到干擾時，胰島素的敏感度便降低四分之一，這意味他需要更多胰島素才能處理同樣數量的葡萄糖。,
m153/  儘管這些聲音不足以吵醒他們，卻使他們深睡的時間減少約九成，使他們將要進入深睡便返回淺眠。,
m154/  他們在前面兩夜不受干擾，但是在後面三夜，每當腦波律動訊號顯示他們即將進入深睡時，床舖附近的擴音器便播放微小的聲音。,
m155/  民進黨仍以立委總席次五十席為衝刺目標，如何達到十五席不分區立委目標?黨內人士透露，至今仍有三成民眾未表態，民進黨除顧好基本盤，也要拓展中間選票，最後階段文宣策略會跳脫政治性高的議題，以柔性方式訴求民進黨長期給人關懷弱勢、堅持本土文化、堅持改革、台灣民主進步的印象，以爭取中間選票。,
m156/  選前三天，陳水扁會全力造勢，做最後衝刺，目前安排一月九日在高雄縣市、一月十日在台中縣市、一月十一日選前最後一夜在台北縣市。,
m157/  陳水扁領軍的「守護台灣中央助選團」已經把七十三個選區跑過一遍，炒熱選情，從明天開始，將全力固守三十個選情激戰區。,
m158/  立委選戰倒數計時，民進黨主席陳水扁明天開始陪同立委參選人掃街拜票，明年一月二日起每天晚上至少跑兩場晚會，預估到選前會有二十多場;選前三天，陳水扁會在高雄縣市、台中縣市、台北縣市站台，做最後衝刺。,
m159/  一名高階警官表示，肯亞當局今天對遭受暴力蹂躪的基蘇姆市發布民眾禁止晝間外出的命令，凡違反命令者警方奉命可以射殺。,
m160/  這項「全國民情大調查」為遠見雜誌民意調查中心十一月三十日至十二月五日，針對台灣地區二十三縣市，居住在台灣地區、年滿二十歲的民眾以隨機跳號方式電話訪問，樣本規模共一千零七人，抽樣誤差信賴水準為百分之九十五時，抽樣誤差為正負三個百分點。,
m161/  遠見雜誌調查顯示，在整體經濟景氣看法上，民眾對二零零八年的台灣整體經濟景氣，看壞的比看好的多，顯示人民信心不足。有百分之四十二點八的民眾看壞二零零八年的經濟景氣。政策不明確、朝野對立、政治人物用「嘴」拚經濟、外資投資意願下降，三通遲未開放，都造成人民對國家發展與經濟景氣無法看好的原因，也使得台灣國際競爭力節節滑落。,
m162/  吉普車的駕駛黃冠瑾(七十七年次)和乘客陳耀賢(七十九年次)二人最幸運，都是輕傷，包紮後無大礙。,
m163/  這場車禍，小貨車司機林蘭記當場壓在貨車底下死亡，廖祝藝送醫後也不治死亡，廖雪伯頭皮掀開，臉上有玻璃碎片傷勢嚴重，沒有生命危險，柯子玹深度昏迷，昏迷指數只有三，晚上從屏東基督教醫院轉送高雄醫學院，柯子昀臉部撕裂傷，沒有生命危險。,
m164/  里港警分局表示，今天下午近五時，林蘭記(四十八年次，屏東人)駕駛自小貨車往鹽埔的方向行駛，與往高樹方向的吉普車擦撞後翻車，拖行了二十公尺撞上吉普車後面的轎車，轎車被撞爛。,
m165/  謝長廷在演講中主張經濟、公義與環保形成的「黃金三角」，七項幸福經濟政見包括發展關鍵產業、重振製造業以增加就業、創造具競爭力的賦稅制度、健全台灣資本市場、促進觀光、刺激內需及放寬兩岸經貿往來。,
m166/  美國商會表示，謝長廷的「幸福經濟」與馬英九指「基礎建設」和「投資」，雖然著眼點與包裝方式不同，但兩者間其實互補遠多於矛盾。,
m167/  美國商會表示，兩位參選人都樂見落實兩岸直航，並願意重新檢討赴中國投資不得超過資本額百分之四十上限的限制。除了演講外，最新雜誌也報導兩人與醫藥界會面情形，顯示兩人有意以開創性作法解決健保制度面臨的嚴苛挑戰。,
m168/  美國商會最新一期雜誌今天刊出，對日前邀請民進黨與國民黨總統候選人演講政見，美國商會呼籲，不論誰在明年三月的大選中勝出，應擬定並落實健全的經濟政策，不但需要朝野政黨集思廣益，更需要藍綠相互合作。,
m169/  中國大陸民眾二零零七年購買彩票的風潮未減，截至十二月三十日，彩票總銷量已超過人民幣一千億元，相當於台幣約四千億元，刷新了中國彩票發行二十年以來年銷量的最高紀錄。,
m170/  中華徵信所今天公布「台灣企業經理人意見調查」，有四成九的經理人認為，二零零八年公司獲利會有所成長，僅有一成三的經理人擔憂，公司的獲利會面臨萎縮。,
m171/  泰格馬克在劍橋大學刊登一篇關於平行宇宙的研究中作出結論說，在其他宇宙中存在分身，「甚至不是奠基於臆測性現代物理學，只是代表空間是無限的，且均勻充斥著物質，就如同近來天文觀測發現的一樣。」,
m172/  麻省理工學院宇宙學家泰格馬克說，讓我們想想這個狀況:一個複製的你住在一個太陽系中的某行星上，這個太陽系跟我們的太陽系很像，而現在這個複製的你跟你一樣都在閱讀這篇報導。你的生活到目前為止都複製在對方身上，但就算你接下來不讀這篇報導了，他或她可能繼續讀下去。,
m173/  歐洲核子研究組織絕非這種詭異科學的溫床，但該組織的法國籍粒子物理學家巴魯說:「多重宇宙的構想絕非古怪的發明，它在多個科學理論內顯得很合理，應該嚴肅看待。」,
m174/  片中一名住在另一個世界的女孤兒展開探索之旅，挽救遭到綁架的兒童，並揭開來自平行世界受到污染塵土的秘密，而陪伴她上路的動物更是她的靈魂的化身。,
m175/  緊接著人氣超旺的羅志祥、卓文萱、酷辣團體櫻桃幫、張韶涵、唐禹哲、星光幫四少等人陸續登場，主持人由帥氣名嘴侯昌明、氣質美女高伊玲、人氣偶像小鬼與張善為擔綱，他們以逗趣的對話，炒熱現場歡樂氣氛。,
m176/  晚間七時在小天后蔡依林的歌舞聲中率先登場，蔡依林一身勁裝，白色上衣搭配黑色緊身皮褲，一出場就引爆現場觀眾的熱情，接著同樣白色上衣、黑色皮褲的羅志祥一出場，現場觀眾情緒更是嗨到最高點。,
m177/  今年台中市政府預估跨年活動會有十五萬人次參加，下午五時入場時間還沒到，已經有大批民眾等候進場，排隊人龍已經由東門口排到雙十路轉力行路再繞到進德北路，愈夜人潮愈多，不到八時，台中體育場已經擠滿觀眾。,
m178/  以及新竹縣老湖口天主堂、雲林縣(木宜)梧地方文化館、花蓮縣松園別館、宜蘭縣無尾港水鳥保護區、台北市林柳新紀念偶戲博物館、金門縣烈嶼鄉文化館、南投縣偏遠醫療宣教歷史見證文化館、桃園縣基國派老教堂、基隆市陽明海洋文化藝術館、嘉義市史蹟資料館、澎湖開拓館。,
m179/  已發表成書的地方文化館為彰化藝術館、台東劇團表演藝術館、台三義木雕博物館、高雄市電影圖書館、台南市五條港歷史區域地方文物館、台中縣立文化中心編織工藝館、新竹市影像博物館、台北縣黃金博物園區、台中市台灣民俗文物館。,
m180/  文建會主委翁金珠表示，將地方文化館資料發展成套書，僅花一些小錢但可以看到很大的成果，化腐朽為神奇。她認為這是在做「趕蚊子大隊」，把蚊子趕出去，帶進人潮，因為有地方文化館的存在，建立了公部門與民間交流，也保留了地方特性與產業。,
m181/  於一九八三年至一九九五年擔任過韓國「鮮京」女子排球隊總教練，目前退隱韓國體壇而安享天倫之樂的侯國基表示，兒子侯寅廷為了職排聯賽戒菸戒酒，並在休假期間持續負重訓練，徹底進行全面的體能訓練。同時，自認擁有「衝動易怒」性格的兒子，近來卻展現了穩如泰山的沉穩形象，如果沒有重大傷病，相信還能撐個三、四年。(本文附有圖片),
m182/  但由於侯國基的父親侯培恆堅決反對，力勸他切莫「賣祖求榮」，迫使他打消了入籍韓國的念頭，因此，當時曾與韓國排球巨砲姜萬守並駕齊驅的侯國基，未能獲選進入韓國國家代表隊。,
m183/  談到侯寅廷就不能不談談他的老爸侯國基，一九五三年出生在韓國的侯國基，於就讀韓國華僑學校後，被挖角轉進以排球聞名的韓國江景商高，他於就讀高三的一九七三年，就受到韓國排球協會苦口婆心的勸促，希望他歸化入籍韓國，以便入選韓國國家代表隊。,
m184/  韓國男子職業排球隊素有「飛毛腿導彈」稱號的華裔健將侯寅廷，在二零零七年至二零零八年韓國職業排球聯賽，憑著出色的表現，領導球隊在第二輪比賽中大放異彩，與因堅持中華民國國籍而未入選韓國國手的父親侯國基，可謂為韓排球界「侯氏兩代」攻擊高手。,
m185/  表演團隊裡除了邀請了幾個國外的藝團外，多數都是縣內的學校技藝團和社團，瑪家國中森巴鼓舞動民眾的心，不少國中小的八家將隊伍也讓隊伍顯得花俏，還有客家藍衫表演，展現各民族的技藝。,
m186/  屏東縣長曹啟鴻穿著排灣族的頭目服裝，率領縣府一級主管和五十個表演團隊踩街發紅包，民眾爭相索取討吉利，表演團隊並在屏東美術館和慈鳳宮定點表演，讓市區充滿了歡樂的氣氛。,
m187/  新電信指出，這項虧損將提列為特殊項目，並列入第三季財務報告中，但這項損失將由新電信因匯率換算獲得的收入一億一千八百萬新元(新台幣二十六億二千六百多萬元)抵消，這個抵消項目也將列入新電信第三季財報中。,
m188/  據初步判斷，這次事故可能是因瓦斯和煤塵積聚太多引起爆炸。,
m189/  救援隊員今天在坑下發現所有十八名失蹤礦工的遺體，加上之前發現的一名遇難礦工，共有十九人遇難。,
m190/  點燈祈福晚會上，並且邀請北門絲竹樂團阿土師樂器演奏、吳麗鳳和金沙南管社演唱及青年民歌演唱，雖然天氣冷颼颼，但是現場氣氛熱烘烘。,
m191/  此外，也曾有大帆船「大和號」及六十件風箏組成的「星空之鳥」，與一百件風箏組成的「消失的森林」。呈現熱帶雨林急速消失，以垂掛的樹葉上繪著年輪，代表遭砍伐的樹木，並以真實比例製作的全世界最大的鳥「漂泊信天翁」，寓意如森林消失代表鳥類的絕滅。,
m192/  至於在台灣博物館的「放風吹‧風箏」特展，黃景楨更一口氣展出超過五百件「以空中為舞台的表演藝術」風箏作品，展現他風箏世界中自由寬廣的世界。,
m193/  二零零二年，黃景楨在荷蘭國際風箏大賽中獲得首獎，也讓他決定要全心投入風箏的創作，到如，今他已完成兩千種風箏的設計，從平面的昆蟲，和鳥類造形、到需要有助手協助放飛的連結型風箏，他常常在好風吹起的河濱公園、白沙灣海邊試飛。,
m194/  安尼扎省警察首長凱恩迪對四十六具屍體問題不願發表任何評論，但承認昨晚警方曾經對掠奪者開槍。,
m195/  這個殯儀館擠滿了嚎啕痛哭的罹難者家屬。在此同時，警方增派警力，阻止貧民窟的居民進入市中心。,
m196/  他說，六堆嘉年華才開辦兩年，六堆各鄉鎮也漸覺醒，例如曾被日軍火燒的長治鄉長興村，如今發展六堆抗日紀念公園，整治公園前的殺蛇溪，搭配當地三山國王廟、媽祖廟、遍及全鄉各地的伯公廟，有人研議發展春節期間的長治有福觀光季，未嘗不是一個方向，只要社區內聚力夠，共同討論形成共識，與北桐花齊名的南六堆應該指日可待。,
m197/  李永得表示，公元兩千年後，台灣很多縣市紛紛前往日本谷川町取經，他認為最重要還是在地人要先自覺自己的地方有沒有什麼可以令人感動的人事物，不只要重視文化創意產業，更要鄉親大家願意付出，先從共同記憶的無形文化資產紮根，才可持久。,
m198/  他說，谷川町一度成為全世界社區營造成功的例子，平時生活環境品質好，溪水清澈見底，養了很多鯉魚，但在每年七月二十日前後約四、五天，這個小鎮卻湧進大約五十萬人的觀光人潮，觀看這裡全球知名的啟太鼓節慶活動。,
m199/  曾彩金指出，六堆發展條件較差，但因此保留台灣客家文化重心在南部，尤其是農業型態地方特色保留完整豐富的客家文化，例如完整呈現客家聚落建築，可惜人才都外流，空有文化資產難運用，建議客委會有組織的協助六堆發展還未被注意的在地特色，例如六堆鄉鎮產量仍少的黑鑽石蓮霧，甜度、水份重量都勝過已經很有名的屏東黑珍珠蓮霧，但鄉鎮仍窮而走不出去。,
m200/  六堆客家文化推廣協會理事長曾彩金說，北台灣客庄大受歡迎的桐花節已經擴及中部，南部客庄山區也有桐花，但六堆交通條件較遠，走一趟三天兩夜很遠，因此，地區人士討論可透過六堆運動會的團結精神，開發六堆各鄉鎮農業與文化產業特色，去年開始的六堆嘉年華，對於農業縣的高屏縣還在口惠而實不至階段。,
m201/  屏東六堆客家文化的前世今生與未來(四)(中央社記者翁翠萍台北三十一日電)原來漸趨沒落的六堆客家地區，在行政院客家委員會連續兩年大力推動六堆嘉年華後漸有生機，在二零零八新年到來時，客委會期待六堆重新啟動情感的聯結與探索，發展客家文化特色與產業，創造出能與「北桐花」齊名的「南六堆」。,
m202/  後來中日戰爭爆發，日人禁令更嚴格，等到日本人推動皇民化運動時，西勢忠義亭的神主牌幾乎被焚，在地方仕紳力爭下，台灣總督兒裕原太郎因尊敬「六堆」敵人而特准留下，未拆掉廟亭，還曾親往參拜，下令辦理春祭、秋祭，政府官員和學生都必須參加，以學習忠義精神。曾彩金指這些都是日本的統戰伎倆，但也保住台灣三十餘座義民廟中最古老的一座。,
m203/  金管會表示，該修正草案將進入預告程序，若徵詢各界意見順利，預估明年二月底可望通過實施，明年四、五月起跑的股東會因此能適用該新規定，賦予投信基金經理人投票自主權。,
m204/  「六堆」組織維持相當長時間，例如在清乾隆五十一年即一七八六年林爽文、莊大田作亂時，客家庄的民間自衛團再度出堆，到清光緒二十一年即一八九五年台灣割讓給日本統治才被結束。,
m205/  曾彩金說，客家人在原鄉以晴耕雨讀傳家，閒時也練拳練武健身，稍加訓練就很有力量，朱一貴的雜牌軍根本不是客家人的對手，一接觸戰即潰敗，不敢再騷擾客庄，清軍來後，客家人還幫助平亂，滿清皇帝因此斥資在現今竹田興建「西勢忠義亭」紀念犧牲的勇士。,
m206/  這個民團組織並以面對客家先人遷來台灣上岸的下淡水溪方向分堆命名，長治、麟洛為「前堆」，竹田為「中堆」，內埔為「後堆」，里港武洛、美濃、杉林、六龜、高樹為「右堆」，新埤、佳冬為「左堆」，萬巒為「先鋒堆」，一共六堆，出動作戰稱為「出堆」。,
m207/  也是六堆客家文化推廣協會理事長的曾彩金表示，當年朱一貴派人恐嚇要客家人參與亂兵反清，但一向安份守己的客家人不願推翻政府，來自亂兵的威脅愈來愈嚴重，散居屏東平原十三大庄、六十四小庄的客家聚落大約有一、二十萬人口，各庄意見領袖在內埔天后宮開會決議到台南府洽清兵救援未果，只好自組一萬二千人的義勇民團組織。,
m208/  鍾萬梅指出，六堆客家文化園區試營運開園的第一、二天正是週末假日，人潮一天竟達一萬四千人次，跟著人潮來的小攤商則販賣客家花布做的服飾與手機袋以及客家美食等客家商品，一個週末也能淨賺三、五千元，顯示二零零七六堆嘉年華獲得很多迴響，人潮來了，也帶來教育、文化、經濟、凝聚共識等許多無形的效益。,
m209/  跨年晚會另一場景在斗六市大學路的縣立體育館，中國國民黨籍立委許舒博(雲林縣)回應熱愛民歌、老歌的迴響，今年特別爭取到跨年民歌演唱會，民歌加上懷念老歌，晚上七時登場，知名歌手演唱近四十首悅耳動聽的經典金曲，體育館內只能用擠爆來形容。,
m210/  台北市政府前廣場和信義商圈今年跨年晚會估計有六十萬人潮，北市府警局和消防局等各單位嚴陣以待，出動約二千人待命，因應可能的狀況，並在市府一樓設應變中心，以便即時指揮調派。,
m211/  除了年輕追日族外，老家在古寧頭的金門資深媒體人李福井，帶著結婚剛滿二十六年的愛妻邱英美，頂著寒風與青年朋友欣賞晚霞，兩人相依相偎漫步在夕陽下的海灘，可以說是只羨鴛鴦不羨仙的最佳寫照。,
m212/  下午五時不到，慈堤賞鳥平台和海灘，即出現六十多名捕捉全台最後一道夕陽的追日族，其中，來自國立成功大學生命科學系四年級的八位同學最為興奮，目睹晚霞紅暈滿天的畫面，他們以讓人悸動、震撼來形容自己的心情。,
m213/  金門位於台灣海峽西岸，地理上的優勢，成為台灣、澎湖、金門、馬祖欣賞最後落日的景點，尤其是賞鳥區的西北角古寧頭慈堤，與對岸中國廈門相距僅一萬公尺，更是抓住夕陽的絕佳景點。,
m214/  根據台灣證券交易所資料顯示，鄭深池目前持有兆豐金股票九百五十張，他以極低持股擔任董座六年多來，處事低調卻備受各界矚目，媒體偶有負面報導批評其「搶吞兆豐金，與中信金結盟」，甚至多次傳出請辭訊息，其與綠營層峰良好關係，也經常被在野黨的炮火鎖定。,
m215/  大昌證券也認為，在大盤無力下殺，下檔買盤積極承接下，大盤短線仍醞釀挑戰年線八千五百二十五點或季線八千九百七十七點，元月行情應可樂觀期待。,
m216/  李顯龍表示，由於經濟成長強勁、政府收入增加，若條件允許，政府將能在新財政預算案中，為窮人和老人提供更多財務援助。,
m217/  胡錦濤提及二零零八年將在北京舉辦第二十九屆夏季奧運會和殘奧會，他說中國將盡最大努力辦好這兩項國際運動會。,
m218/  胡錦濤在提及兩岸關係的部分指出，二零零八年中國大陸將堅持「和平統一、一國兩制」的基本方針，牢牢把握兩岸關係和平發展的主題，始終不渝為兩岸民眾謀福祉、為台海地區謀和平，「堅決維護國家主權和領土完整」。,
m219/  雲林檢調於二十八日在斗六查獲兩名涉嫌賣票者，請選民支持特定立委參選人，尹伶瑛質疑賄選傳聞，於二十九日到國民黨立委參選人張碩文斗六競選總部演行動劇抗爭，今天再度聚眾到雲林農田水利會抗爭，與警方發生嚴重推擠，警方兩度舉牌，尹伶瑛車隊表達訴求後離去，水利會下午對抗爭發出上述措辭強硬的聲明。,
m220/  三、會長張輝元目前按規定請假，之前即對部屬三令五申要反賄選，更要注意不被誤導、栽贓而涉入賄選情事;四、水利會希望各立委參選人不要認為水利會人古意、好欺負，一再傷害水利會員工及全體十六萬農民會員;五、全體員工及會員嚴正抗議抹黑、謾罵，並將發起連署支持會長張輝元。,
m221/  第七屆立法委員選舉雲林二選區無黨籍參選人尹伶瑛，質疑雲林農田水利會涉嫌賄選傳聞，今天上午率眾到水利會大樓前抗爭，抨擊會長張輝元、國民黨籍立委參選人張碩文父子;雲林農田水利會下午發表聲明嚴重抗議，並對尹伶瑛保留法律追訴權。,
m222/  留德博士王鍊登教授，在今年的最後一天展開籌組「台灣文化工作聯盟」，希望能夠從人性最深層的睿智，搭起嚴謹的基石，點起文明的心燈，照亮眾生。,
m223/  今天辦出院，要陪伴家人一同跨年的陳稚宥，已經能獨自步行到感恩會現場。邱建銘說，從稚宥的髮量與指甲的顏色看得出，他的營養狀況已經明顯改善。,
m224/  在台中慈濟院的診斷過程中，經由大腸鏡攝影發現，陳稚宥的小腸內已有三段狹窄，邱建銘醫師動手術，切除其中兩段狹窄嚴重的小腸，另一段則在整形後保留，維持其功能。,
m225/  陳稚宥說，剛開始只是經常感到腹痛，高三時長發現肛門附近出現膿狀液體，甚至不時出現血便才積極求醫，大學四年北上求學的過程中，幾乎可說是忍「痛」度日。,
m226/  身高一百六十七公分，體重不到三十五公斤的陳稚宥，即使美食當前，也難以下嚥。陳媽媽說，到院前三天，兒子在家幾乎無法進食，整個人軟趴趴，整天躺在床上，連偶爾下床行走都需要家人從旁攙扶，體重直直掉。,
m227/  工總表示，功能別租稅優惠具有普遍鼓勵投入創新加值的意義，應該維持，例如自動化投資抵減優惠。,
m228/  就稅方面，工總提出六大建議，包括縮減個人綜合所得稅最高邊際稅率及營利事業所得稅差距;將二稅合一的股利設算扣抵法廢除，改為股利免稅法;取消未分配盈餘加徵百分之十;取消最低稅負制;取消貨物稅;調降或取消遺贈稅。,
m229/  謝志偉說，今晚一零一大樓放煙火前，陳總統會先在高雄的跨年晚會宣布「台北一零一的台灣亮起來，閃亮的台灣陪國人與世界一起跨年」，台北一零一大樓將同步亮起，為跨年活動帶來首波高潮。,
m230/  今天遭判決有罪的前後任議員，包括張雲龍判刑兩年、緩刑五年，游文煌一年十月、緩刑五年，朱佩瑛七年徒刑、宋進財七年六月、楊寶猜七年十月、田春枝八年十月、何淑峰七年六月、吳天麟八年四月、呂世喜七年二月、高敏慧九年、徐陳麗華七年六月、顏世雄七年六月、王淑惠七年八月、金中玉七年二月、李友親三年七月、鄭金隆七年二月，除李友親褫奪公權四年，其餘均褫奪公權五年並追繳犯罪所得。,
m231/  環保局表示，當地於今年已告發一百七十五位違規行為人，但仍有很多民眾伺機亂丟，明天起將加強派員照相取締，也呼籲當地的居民、學生住戶一起投入照相取締的行列，同時也將提供百分之五十的罰款給檢舉的民眾，獎金為新台幣六百元到三千元。,
m232/  據整理國際各機構對二零零八年油價均價預測，其中以高盛估每桶九十五美元最高、其次是美国能源信息署八十四點八三美元;而最低是國際貨幣基金組織及雷曼兄弟均預估的七十五美元。,
m233/  國際金價今天在倫敦金銀市場交易最高達到每盎司八百四十三點二四美元，但是稍後回跌到八百四十點七五美元。國際金價於二零零七年上漲了將近三分之一。,
m234/  此外，消基會提出四點泡湯須知，供消費者瞭解，以確保安全、盡情享受泡湯樂趣。一、太疲倦不宜疲倦、吃太飽、酒後一小時、睡眠不足、劇烈運動後都不宜泡湯。二、泡湯每次不宜超過十到十五分鐘。三、泡溫泉應適時飲用開水、補充水份。四、泡溫泉會加速新陳代謝，應稍休息後再進行其他活動或飲食。,
m235/  程仁宏說，二零零三年七月就已公布「溫泉法」，二零零五年七月一日實施，但卻到兩年後的二零零七年五月，才由宜蘭縣湯圍溝公園取得第一面溫泉標章，同年十一月苗栗泰安溫泉區的錦水溫泉飯店獲得第一面民間業者合格溫泉標章;如今消基會市調又發現上述情況，呼籲政府立法要確實執行。,
m236/  檢方是依照違反選舉罷免法，意圖使人不當選起訴曾彥衛，其行為涉嫌毀損周錫瑋名譽。不過，法院今天是依照著作權法判刑。,
m237/  熊隊九十四年初也曾拉拔到台東春訓兩個月，這次再度外移開啟春訓計畫，但以恢復體能以及收心的意味比較濃厚，預計在墾丁停留四天三夜，十四日回到高雄，十六日就在澄清湖棒球場開始其練四休一的正式訓練。,
m238/  但台糖出售土地程序為需地人提出申請，經管區處查訪一般市價並初估價格後，送鄰近區處複估，由總管理處核估彙整提報台糖公司董事會核定後，再辦理出售及產權移轉等，過程縝密。,
m239/  台糖對此澄清指出，前董事長吳乃仁於二零零一年底就任時，台糖持有土地計五萬公頃，並非邱毅所指十一萬八千公頃。而自兩千年至今，台糖計出售土地兩千三百一十七公頃，大部份係配合各級政府及公營事業機構舉辦重大公共事業，以徵收或協議價購台糖土地。,
m240/  案檢察官以被告「有串證之虞」為由，收押了蕭裕正等四人，委任律師指出，當天參加餐敘的人，幾乎都被傳訊了，只剩下七人尚未應訊，如果這七人也都到案，就沒有串證之嫌，盼檢方加速查察，趕緊傳訊，以釐清事件真相，還給蕭裕正等人清白。,
m241/  市府環保局下午發布新聞，表示已由蕭裕正委任律師提出抗告，律師強調，蕭裕正為了慰勞基層清潔隊幹部，與各區隊舉辦餐敘，餐會都是單純的內部活動，卻被檢方懷疑涉嫌賄選。新聞稿指出，餐敘上不僅沒有候選人到場拉票，也沒有文宣品，蕭裕正在餐宴上也未提及有關選舉語言。,
m242/  此外，具有船體的漁船主、副機已拆卸者或編號與漁業證照記載不符及漁船已設定抵押，且未能提出債權人同意塗銷抵押權的證明文件或漁船違規尚未處分或已處分尚未執行完畢也不能提出申請。,
m243/  檢警下午也針對何女遺體進行解剖，在何女身上找到多處瘀傷和抓傷，判斷何女是從高處墜落地面致死。,
m244/  當警方正要尋找胡某時，胡姓男子昨天晚上疑似喝農藥自殺，送醫急救;彰化基督教醫院表示，胡姓男子的血液經檢驗後沒有除蟲劑或除草劑的成份，男子則說自己喝下的是去漬油。,
m245/  彰化縣芬園鄉伍豐橋二十八日晚上被人發現在橋下有一具女屍，檢警在女屍身上找到多處傷痕，懷疑死者先被毆打後再被丟到橋下，警方查出死者為在台中市某高職就讀的十六歲何姓少女，同時發現和何女交往的十八歲胡姓男子涉有重嫌。,
m246/  韓密爾頓說:「我們所研究的生活型態改變，與運動迥異，因為無需要求人們每天撥時間上健身房運動流汗，僅需改善他們日常從事活動的品質。」,
m247/  他說:「要讓一百七十磅(七十七公斤)重的身體保持站立，肌肉需要消耗相當的能量。」,
m248/  他說，既然我們很少有人會每天從事激烈運動，四處閒逛就很重要，有助於減輕體重與瘦身。,
m249/  報導引述密蘇里大學韓密爾頓教授說:「只要你站起身，接下來比較能夠四處踱步走動，而這會有很大不同。」,
m250/  張秀蓮表示，已密切注意這些業者的增資狀況，必要時將採取必要監理措施，不過，為發揮增資合併案最大可能，將預留一些彈性，對慶豐、亞信、華山產險的增資要求，給予「動態期限」，由金管會自行拿捏。,
m251/  接著，隊伍來到馬公著名古蹟「四眼井」及國家一級古蹟澎湖開台天后宮前。同學們在天后宮前廣場又跳又叫，他們的奇特造型與誇張表演給周遭居民帶來一陣陣的驚訝，有人跳出來大喊:「不要嚇壞媽祖。」,
m252/  二十多名北教大學生裝扮成各種海中生物造型，下午三時開始在馬公市幾個商圈踩街，沿途敲鑼打鼓，高喊「國北教大，藝術九七，菊島漫遊，藝術樂活」的口號。沿路商家弄不清發生什麼事，紛紛探頭觀看，有些年輕人則搶著跟他們合照。,
m253/  南航春節前出發經濟艙單程最低為人民幣一千八百八十元，來回程最低為兩千六百五十元。而春節後出發經濟艙單程最低只需要六百八十元，來回程最低兩千六百五十元。,
m254/  中科則有台中、虎尾及后里園區，總計這十一個園區總面積將近四千公頃，未來全部開發完成後，將可創造很大產值;保守估計至二零一七年時，科學工業園區的年產值可達三兆元年產值。,
m255/  洪玉鳳表示，張財旺突然休診，很多病患不知情，希望成醫妥善處理，讓病患有心裡準備，同時協調張財旺休診一事，創造三贏局面。,
m256/  成大醫院乳房外科名醫張財旺突然在今天媒體刊登廣告宣佈休診及將離職，理由是他每次看診都得到深夜才結束，院方認定是違規，市議員也出面關心，成醫則否認此事說，張財旺二十八日請休假八天，但未提辭呈。,
m257/  至於今天遭到中信解約的球員包括高建三、鄭志強、王國進、吳修帆、潘瑞勳、黃建超等;另外，原興農讓渡選手陳意忠、兄弟讓渡選手李志傑等兩位也一併遭到釋出。,
m258/  根據當時的法律，這些言論涉及「煽動叛亂、顛覆國家、違背國家統一」，一不小心，報社就會遭到停刊的命運，更有新聞工作者因報導而入獄。,
m259/  他說，儘管當時報導內容多與政治相關，少見民生、財經新聞，但在戒嚴時期的政治氛圍下，報導內容仍不能觸動當局者的政治敏感神經，像是鼓吹台灣獨立、街頭運動、主張制定新憲法，都屬「碰不得」的議題。,
m260/  鄭自隆說，所謂的「給棍子」策略包括國民黨在二二八事件時，逮捕《民報》社長林茂生及總編輯、總主筆等人;《公論報》社長李萬居在一九六零年前後參加領導新黨運動之際，國民黨藉由購買增資股權以及司法手段，逼迫李萬居交出經營權等情事。,
m261/  為協助對台灣友邦國家提升醫療水準及解決國內醫院儲存汰換器材問題，行政院衛生署二零零五年起試辦「醫療器材援助平台計畫」，至今天為止，自各醫療院所募徵、捐贈整復四百一十五件醫療器材，包括救護車、腦波機等總值新台幣七千多萬元的器材送到國外，提供實質援助。,
m262/  遠航班機去年七月十四日晚上，由花蓮飛抵松山機場時，從十號跑道進場，晚上七時十五分落地，飛機落地後檢查發現，右起落架纏有雜草，另距十號跑道頭約一千九百五十呎處有一偏出跑道南側的輪胎軌跡，並在約三千六百呎處重行進入跑道，機上五十七人都平安。,
m263/  接著在合唱團演唱「阮若打開心內的門窗」後，總統將帶領貴賓一起拉開彩球，開啟民主紀念館大門，參觀「民主開門自由風吹」展覽，接著總統也會到一樓參加「報禁解除二十年特展」及「人權特展」等兩項展覽。,
m264/  蘇嘉全聲明書中表示，從政以來從未向王又曾收取任何金錢;住宅申請建築過程與一般民眾相同是依法申請的合法建築;夫人升遷都依公務人員任用條例辦理，三年半內依此規定由九等升十等，並非所杜撰的升三等;屏東農業生物科技園區所挖的砂石都用在填土，並未移出，挖掘時他和夫人都未任職農委會和園區。,
m265/  預賽所有賽程剛於上週打完，提前取得八強複賽門票包括有台北體院、文化大學、高雄師大，台灣師大、輔仁大學、台灣藝大，其中經過三年努力的高師大第一次闖進八強，台藝大去年首度掉出八強，今年重返複賽行列，兩隊都算是今年生面孔。,
m266/  他指出，相較於今年十月，台灣油價累計漲幅迄今已達百分之二十一點六六;如未二度宣布凍漲，九二無鉛汽油每公升零售價格應漲一點七元、柴油應漲一點九元。,
m267/  此外，出口商也進場拋售美元，匯銀人士說，出口商年底都有新台幣需求，今天出口商明顯拋售美元，預期新的一年到來，出口商也有新台幣需求，新台幣匯率可望再往三十二點三元方向走升。,
m268/  雲林民進黨部主委許根尉、縣議會民進黨團總召李建昇、幹事長蔡岳儒、議員沈銘恭等，下午在民進黨部舉行「戳破假民調」聲明會，許根尉指出，張碩文日前在台灣時報發表國民黨版民調，指稱劉建國支持度已低於尹伶瑛、張碩文百分之十以上，這項民調數據竟與二十六日聯合報數據相差甚遠，其中可信度受質疑。,
m269/  聖誕假期前的消費市場是美國經濟是否衰退的一大觀察指標，因此月刊特別製作了「美國消費度小月?」專題。報導指出美國中產階級的假期消費基本上未受影響，不過他們已經醒覺，「血拼到死」不見得能帶來快樂，反倒是捐贈、分享可以讓心靈得到滿足。「新聞一點通」所選載的神祕聖誕老人傳奇故事印證了這一點。,
m270/  農業局說，在氣溫回升變暖和的時候，可以投下酌量的飼料，魚類在水溫二十度以上，體重一百公克時，投餌量為體重的百分之三點五;體重三百公克，投餌量為體重的百分之二;體重八百公克時，投餌量為體重的百分之一點五;水溫在二十度以下時不投飼料。,
m271/  今年入冬以來的第一波強烈冷氣團來襲，由於可能出現十度以下低溫，彰化縣農業局呼籲漁業及養殖業作好防寒措施，沿海地區養殖池在六十公分以下的文蛤養殖池混養的虱目魚，必要時應儘早採捕，以減少損失。,
m272/  至於跨年選擇到包廂歡唱的民眾，警方提醒記得酒後勿開車;另外在內遇有不熟悉的人多點禮讓，避免不必要的糾紛。女性若是與初次見面的人約會，要注意不要讓飲料離開自己的視線，避免有心人逮著機會下藥趁機施暴。,
m273/  另外參加今晚跨年晚會活動的民眾，由於現場人潮不斷，加以氣氛高昂，也是宵小活動時機。由於慣竊大多兩、三人掩護犯案，因此為防扒手橫行，警方提醒最好攜帶斜背式背包，同時切記「財不露白」。,
m274/  這份傳單呼籲阿巴斯撤換法亞德，並指控法亞德取消許多在加薩走廊的法塔組織支持者的薪水，他們也指控巴勒斯坦安全部隊將進入伯利恆的三名以色列人交還給以色列。,
m275/  「耶路撒冷郵報」今天報導指出，這是在加薩走廊的阿克薩烈士旅首度公開呼籲刺殺法亞德，他們同時還呼籲阿巴斯撤換法亞德。,
m276/  他又說，使用伊朗供應的武器進行的攻擊已在最近幾個月減少。不過他仍然呼籲伊朗信守「停止訓練、資助與武裝所謂特別團體」的保證。這是指由「救世主軍」等組織分裂出來的什葉派民兵團體。,
m277/  伊拉克內政部發言人哈拉夫少將二十九日表示，伊拉克當局剔除與民兵有關的安全部隊成員已瓦解蓋達組織。他說:「蓋達成員現在只能在巴格達北部某些地區活動，我們也在努力追剿這些恐怖分子。」,
m278/  天文館指出，由於今年的象限儀座流星雨報到時正逢殘月，部分流星仍相當明亮，即使月亮升起，民眾還是可見流星，此外，流星速度中等，民眾還來得及「許願」。,
m279/  他表示::「選票在兩個地方印製，一是在喀拉蚩的情治機構印刷廠，一在伊斯蘭馬巴德的政府印刷廠。伊斯蘭馬巴德的準備作業大多已完成，但是喀拉蚩的準備工作受到阻礙。」,
m280/  進入利稻村後，讓人眼睛為之亮，紅紅的小花朵已經開滿了櫻花樹;利稻派出所旁櫻花樹、霧鹿國小利稻分校涼亭櫻花樹，爭相綻放，一連串的驚訝讓人目不暇給。,
m281/  南橫公路沿線的楓樹由大紅，逐漸轉為淡黃，並且開始凋落;秋裝已經褪去，換上了雪白的冬裝，加上朱紅的飾品點綴，相當美麗。,
m282/  起訴指出，楊娉婷見投資人易於欺騙，且所得款項可解決債務問題，避免東窗事發，她在約定時間偽稱已將股票出售，自行墊款將獲利款項匯入還給被害人，讓被害人不疑有他，接續匯入款項。估計自去年七月，共詐得三十四億七千萬餘元，五年以來共詐得六十四億餘元。檢方今年五月間偵結後，將她起訴。,
m283/  這項工程興建及營運期自二零零七年九月二十八日簽約日起算共五十年，高明貨櫃碼頭公司計劃投資新台幣一百六十億元，興建四座貨櫃碼頭，設計水深十六公尺，碼頭後線縱深四百七十五公尺，可供裝載貨櫃量一萬只的大型貨櫃輪靠泊。,
m284/  雇主重新招募同一外籍看護工在期滿前四個月即可開始申請，可在台北「直接聘僱聯合服務中心」(台北市大同區延平北路二段六十九號三樓)及職訓局所屬五個公立就業服務機構設立的直聘受理窗口辦理，提供有英、泰、越、印尼四國語言諮詢服務。,
m285/  他指出，直聘中心透過簡訊或網路主動通知雇主辦理外勞入境後勞健保、居留證及健康檢查等事項，提供雇主及外勞便捷服務，無需透過仲介公司，減少支付國內、外仲介公司費用支出，達到省錢功效。透過專屬服務窗口，雇主可郵寄申請文件，免於奔波，具省力功效。,
m286/  李昆澤指出，高雄市調處偵辦奪標大樓住戶是否涉案時，侯彩鳳偕同高雄市議長莊啟旺等人拜會高雄市調長吳莉貞。侯彩鳳等人與吳莉貞闢室密談時，隔壁房間剛好在偵訊涉案住戶，這對司法威信和檢調公正性造成最大的衝擊，要求法務部調查局立即撤換吳莉貞。,
m287/  江義雄說，二十七日所散發的諸羅戰報中，以文字書寫「敬告江義雄千萬別讓國民黨替你買票!」，兩份文宣明顯栽贓、抹黑，意圖使人不當選，明顯已觸犯加重誹謗罪及公務人員選舉罷免法，因此，下午特地前往嘉義地檢署按鈴控告莊和子，希望遏止選舉歪風。,
m288/  江義雄指出，二十六日所散發諸羅戰報，以文字書寫「國民黨真的很賄選!?」，並以圖畫方式，影射嘉義市的國民黨籍參選人賄選。依戰報上的文字、圖畫記載，莊和子明顯指摘江義雄於第七屆立委選舉中，將進行賄選，對早已表明清白參選的他而言，實在是一大誹謗。,
m289/  明天上午十時、下午一時與三時，首先登場的是鶯歌國中扯鈴隊及談文國小扯鈴隊的聯合表演，屆時將以力與美的傳統扯鈴技巧，配合熱情洋溢的森巴舞曲或現代樂曲演出，其他活動詳情可至傳藝中心網站查詢。,
m290/  其中，「三峽定點陀螺隊」雖然是一支由業餘人士組成的團隊，但表演上堪稱專業級，表演者一個人雙手一次可成功擲出六個陀螺，還可讓陀螺在釣魚線上走動。,
m291/  在這次活動中，主辦單位特別邀請在全國比賽中，屢獲第一及特優殊榮的台北縣鶯歌國中扯鈴隊、「九十五年總統盃全國扯鈴賽」國小男、女團體總冠軍的苗栗縣談文國小扯鈴隊、「三峽定點陀螺隊」、嘉義縣溪口國中小學陀螺隊、曾獲「總統盃民俗體育運動錦標賽跳繩團體組」冠軍的台北縣蘆洲國小跳繩隊、「九十六年台北市青年盃民俗體育錦標賽」跳繩團體組冠軍的台北市弘道國中跳繩隊等前往演出。,
m292/  傳藝中心表示，扯鈴在古時候叫做「空鐘」，跳繩在唐朝稱「透索」，台灣人稱陀螺為「甘樂」，這些原是隨手可得的趣味童玩，現已轉變為以競技、表演為主的雜技，更成為風靡全台校園的民俗活動。,
m293/  傳藝中心說，民俗體育性雜技是台灣歷史文化的重要資產，它結合體育的動作技巧以及剛勁健美的表現，又含有鍛鍊體魄的健身效果，也是人體潛藏的各種技術充分展現。,
m294/  您見過一個人雙手一次可以成功擲出六個陀螺嗎?宜蘭國立傳統藝術中心元月起，將舉辦「武技‧技舞」主題系列表演活動，規劃「民俗體育薪傳舞台」及「創意武術擂台」兩大單元，邀請遊客欣賞各團隊的扯鈴、陀螺、跳繩、功夫魔術等傳統民俗體育雜技之美。,
m295/  李媽媽表示，李子筠因病身材較同學矮小許多，又常遭人異樣眼光，剛開始很怕上學;所幸在父母悉心開導及宗教信仰的支持，越來越開朗、有自信，先後獲得心算一級、數學資優、全民兒童青少年英語能力二級、教練檢定「蛙式」二十五公尺測試等肯定。,
m296/  今天獲表揚學生中每人背後都有其感人的故事。朱珞綺、吳秀靈、何亞芝父親罹患重大疾病，三位學生積極向學，回到家中還會協助幫忙照顧父親，孝行實為感人。李子筠雖罹患先天性罕見疾病─黏多醣症第四型，體力及學習受限制，但仍保有積極向上且認真學習的態度，不因此而氣餒。,
m297/  岡山國中跆拳道高手劉德明感謝縣長幫助，讓他在逆境中學習。旗山鎮圓潭國小嚴玉鑫則送上卡片給縣長，表達心中無盡的謝意。,
m298/  她為了支持丈夫的宏願，每天都在屯區服務，所以小孩經常沒有人照顧，沒想到單純回去陪伴小孩卻被抹黑成幽靈人口，選舉難道非得用傷害別人家庭的方式來達成目的嗎?令人感到難過。,
m299/  江連福(台中縣)上午在國民黨立法院黨團書記長郭素春陪同下，於立法院召開記者會。江連福播放一段影片，指控簡肇棟每天都住在台中市北屯區，並未實際居住於台中縣大里市和太平市，「是全國第一宗證據確鑿的幽靈候(參)選人」。,
m300/  蔡天啟表示，本屆立委選舉，他並未參加任何餐會或晚會，媒體未經查證作出不實報導，對他傷害甚大。他強調，自己並未提供資金為特定候選人舉辦餐會，並無任何賄選情事，兩名記者杜撰不實報導抹黑、醜化他的行為，已構成刑法第三百一十條第二項誹謗罪。,
m301/  溫家寶說，實現這個目標，「必須有鋼鐵般的意志、堅強的決心和勇氣、百折不撓的精神」，要下決心完成任務。,
m302/  二零零五年金宇中結束流亡返國後，被控主導作假帳高達二十兆韓元，向銀行違法融資九兆八千億韓元，並將資金偷運往海外，罪名成立。,
m303/  從技術觀點而言，只要午夜鐘聲響起，參加慶祝新年晚會的人就必須熄滅他們的香菸或是雪茄，否則就會被處以罰款。可是法國政府已經表示，有關禁止抽菸的規定將從一月二日起開始執行。,
m304/  卓伯源表示，目前縣內通過產銷履歷驗證的養豬場有彰化農場畜牧場、芳苑鄉的雍元富牧場等，這些牧場生產的豬肉不僅通過驗證，牧場主人為了提高豬肉品質，有的發展網路直通銷路，有的在豬飼料中加入乳酸菌和活益菌。,
m305/  梅德林市政府官員表示，軍方出動直昇機灑水降低火勢，才避免火苗蔓延至鄰近的住宅區，造成更大的傷亡。,
m306/  費城老鷹同獲八勝八敗，今天以十七比九擊敗水牛城比爾。,
m307/  聖地牙哥閃電人三十比十七勝奧克蘭突擊者，巴爾的摩烏鴉二十七比二十一勝匹茲堡鋼人，獲勝的閃電人以第三種子晉級美聯季後賽。,
m308/  前不丹國王辛希汪曲克於去年十二月宣布退位，將王位傳讓二十六歲的兒子，並準備實施民主。隨後，不丹人民已兩次模擬投票，以熟悉民主選舉程序。,
m309/  分析師認為，週線在今天出現黃金交叉，短線站上八千兩百零七點，似有一波為立委選舉造勢行情，且技術面跛腳底成型，未來只要未見長黑貫穿八千兩百零七點，可望在立委投票日期附近，上檔挑戰八千八百點。,
m310/  漲幅前十名個股為怡利電、利奇、陞泰、川飛、東和、台航、建通、中釉、南僑、精碟。,
m311/  甘迺迪說，阿塞德保證七名被監禁的異議人士將被釋放，這七個人因為批評敘利亞政府對鄰國黎巴嫩的政策而被監禁。,
m312/  在首爾發行的「韓國日報」今天指出，台灣官僚社會與韓國類似，然而，自從在公開場合出現興高采烈唱著饒舌歌並跳著街舞的官員─行政院新聞局長謝志偉登場後，他便集台灣年輕階層人氣於一身，成為台灣年輕人的新偶像。,
m313/  陳總統昨天接受電台專訪時，抨擊國民黨對於一階段還是兩階段投票亂了一個多月後，還是回到原點，簡直像「查某人」在「花」。國民黨立院黨團書記長郭素春今天表示，陳總統是「得便宜又賣乖」，還出言貶低女性的尊嚴。,
m314/  民進黨文化宣傳部主任謝欣霓說，若總統談話不妥，相信總統府會聲明或澄清，但就是因為大家未從心裡正視性別議題，她也要質疑中時為何未在頭版報導中國國民黨總統參選人馬英九「把原住民當人看」?不應為粉飾馬英九過錯，惡意放大總統談話。,
m315/  吉巴基出生在奈洛比北方大城尼里，育有四名子女與多名孫兒。,
m316/  台北市議員戴錫欽、汪志冰及李彥秀上午在市議會國民黨團召開記者會，除指出蔡天啟歷年違反選務中立的案例，並質疑蔡天啟疑涉入賄選案，另曾有違反選務中立的紀錄，要求蔡天啟主動請辭;若蔡天啟執意戀棧，行政院也應立即「開鍘」，維持選務人員的尊嚴。,
m317/  使用公共廁所應注意由親朋好友陪同前往，並於如廁時隨時注意垃圾桶及牆角或間隙是否有可疑電線，提高警覺就可以防止被偷拍。在外陪伴者，也隨時注意是否有可疑人進出女廁，一個小巧可愛的哨子，在跨年夜也能成為防身的裝飾品。,
m318/  至於國外曾在年節發生意外，人群推擠踐踏導致不幸，消防局提醒萬一有被推倒，記住以雙手護住頭、臉部，並儘可能縮蜷身體，避免大面積被踩傷，保護自身安全;另外可利用手機求援通訊，讓同伴與救護人員知道自己的位置。,
m319/  這篇評論文章表示，反觀歐美，在各大國際銀行金融集團受到美國次級房貸危機衝擊之下，最近紛紛向亞洲國家的銀行尋求資金挹注，這和一九九七年亞洲金融風暴時的情況，形成了諷刺的對比。,
m320/  外國消費者也炒熱美國藝術品市場。今年至今，許多藝術品在拍賣會屢創高價;本月稍早，一個不過三點二五吋高的美索布達米亞五千年歷史石灰岩獅子雕像，以五千七百萬美元天價在紐約賣出。據悉，買主為一位拒絕透露身份的英國人。,
m321/  他強調，公投是普世價值，也是立法院立的法，具有百分之百的正當性，如果國民黨要跟中國一鼻孔出氣，抵制公投，會受到全民制裁。,
m322/  黃諸侯引述日本產經新聞報導指出，福田康夫與溫家寶在共同記者會答覆記者的提問中，溫家寶先就台灣議題發言，「福田首相已表明將嚴格遵守『反對』台灣獨立之立場」。當溫家寶此言以日文傳譯後，福田臉色一變，並以右手食指指示坐在記者席前列的日本外務省審議官藪中三十二，請其將日方準備的資料遞上去。福田在答覆記者提問時，則補充說明日本對台灣問題的立場。,
m323/  尹伶瑛車隊人馬到達位在斗六圓環旁的雲林水利會大樓，宣傳車停正門口，在抗議聲連連之際，兩名員警從一旁將抗議者準備的一盆水球抬走，尹伶瑛見狀怒衝搶球，支持者一擁而上，與警方發生嚴重推擠，尹伶瑛激烈搶球一度倒地，幸及時被攙扶未受傷，支持者強烈抨擊，尹伶瑛一度拿起漏網水球丟擲。,
m324/  民進黨政策委員會副執行長沈發惠說，國民黨從主張二階段領、投票到回到原點，目的就為反公投，現在亂不下去了，只好重施故伎，赤裸裸回到拒領公投票策略，是從頭到尾反公投的政黨。,
m325/  民進黨籍立法委員李昆澤(高雄市)說，國民黨為領、投票議題造成民主運作紊亂，政治品質低落，前民進黨主席林義雄呼籲選民不要投給國民黨，主要就在於公投是人民表達意見的基本權利，國民黨卻一再拒絕，以便向中國靠攏，社會應好好思考。,
m326/  嘉義林管處並將發行一套阿里山火車紀念車票，全套六款圖樣，同時提供「森森祝福祈福卡」贈送給民眾，民眾只要事先填寫祈福卡，投遞至投卡箱，鄒族長老將於明天上午舉行祝禱祈福儀式，並委請阿里山郵局將祈福卡寄出。,
m327/  謝志偉上午召開記者會表示，國民黨鬧了兩個月後，最後回到中選會的一階段投票決議，期間耗費的社會成本和造成紛擾不安，是以政治蠻力違拗國家法治的最糟示範，泛藍黨中央和相關政治人物知錯能改，雖然有點晚，但仍是好的事情。就這樣的結果來講，「我們鬆了一口氣」。,
m328/  退輔會指出，榮民們年輕時執干戈以衛社稷，退役後參與國家建設，奠定台灣經濟基礎，而為感念榮民袍澤為國家犧牲奉獻的精神，退輔會在他們功成身退、與世長辭後，規劃每月於北、中、南區為當月亡故的單身榮民辦理聯合追思祭悼會，以示對亡故榮民的尊崇和最崇高的敬意，並撫慰在世榮民及親友的心靈。,
m329/  他表示，這些都是國家政策，是非由人民以選票決定，但國民黨以不實言論混淆視聽，誹謗民進黨，且中央政府總預算一年才約一兆五千餘億元，民進黨執政八年預算頂多十二兆元，怎麼會出現十八兆元的數字?國民黨連數字都兜不攏。,
m330/  林口長庚醫院急診部主任張德發則說，天氣冷排汗少，民眾比較覺得不會渴，攝取的水分容易不足，血液的濃稠度會因此增加，溫度低也會導致血管收縮阻塞，大幅增加中風、心肌梗塞風險。,
m331/  特別調查局同時也發現，許多在泰國架設投資網站的站主與外籍人士合作，將網站架設在泰國，以詐騙泰國民眾的金錢，而在騙到足夠的金錢之後，他們就捲款潛逃並將網站關閉。,
m332/  這座古墓是今年二月份在江寧一磚瓦廠內發現，南京博物館考古專家考證後認為，這座長九公尺，寬三點二公尺，高三點四公尺的古墓，墓主是一位南朝貴族，反映出當時貴族生活的奢華和佛教的影響。,
m333/  報導指出，古墓整體搬遷面臨幾個難題，包括古墓重達十幾噸，難以均勻受力起吊;在地下深埋一千五百年後，所有的青磚都變質，看起來完整，一旦移位就會裂開;後壁只露出一半，另一半深埋在土中，稍有不慎泥土就會坍塌，加上此時正逢南京多雨季節，增加了困難度。,
m334/  國民黨上午舉行中常會討論是否拒領公投票，開會前接受訪問的中常委帥化民、朱鳳芝、姚江臨都表達拒領公投票。帥化民說，明年辦的是立委選舉，「不要搞一些無聊的東西瞎攪和」。,
m335/  當時伊拉克政府從以油換糧案中，詐取了數以百萬計美元的賄款，也引發了這椿令聯合國相當尷尬的醜聞。,
m336/  緬甸軍政府九月份的鎮壓，估計有數千名僧侶與社運份子遭到逮捕。國際特赦組織資料顯示，其中約七百名仍在牢中，另外還有一千一百五十名原受拘禁的政治犯。,
m337/  甘南州農科所相關負責人王三喜說，甘南州農科所將通過半人工繁育蟲草寄主蝠蛾卵、蟲草菌絲液、孢子液等「種子」，投放到示範農戶冬蟲夏草適宜生長的草地上，在自然條件中形成蟲草，提高產量以滿足市場需求，增加農牧民收入。,
m338/  新華網報導，甘南藏族自治州冬蟲夏草半人工繁育基地建設項目共投資人民幣七百萬元，將新建七百二十平方公尺的冬蟲夏草半人工繁育中心，在甘南州碌曲縣尕海鄉建設技術規程示範與牧民培訓基地五十畝，帶動示範基地兩千五百畝。,
m339/  「(派系整合)沒有什麼問題吧，現在就是一區選一個，過去競選鄉長、村長激烈，(兩派)都拼很硬，現在一次講不通，兩次、三次都講得通」，顏清標一邊嗑著瓜子，一邊分析利害得失。,
m340/  穆克帕迪亞表示，他的病人約有百分之六罹患各種不同的胃癌，而令人驚訝的是，其中有很高比例的人經常食用中國菜。他說:「雖然我們還沒有對味精進行任何檢驗工作，但很容易可以得到結論，即致癌因素之一在於味精。」,
m341/  紐奧良去年在國聯決賽敗給芝加哥熊，該場比賽創下隊史最長季後賽爭奪戰，使得遭卡崔娜颶風肆虐受損的紐奧良市民群情激動。,
m342/  亞太地區行動通訊服務業相當蓬勃，近年來市場也逐年成長。賈特納資訊公司指出，由於競爭激烈，加上市場趨於飽和，業者的利潤日薄。若要維持市場競爭力，業者宜考慮與受歡迎的社群連結網站合作。,
m343/  被選舉委員會宣布順利連任並成為肯亞第四任總統的吉巴基，今天晚間在勝選演說中呼籲全民，尤其是競選對手，應撇開選舉過程中的種種激情，共同攜手創造一個更為強大、繁榮和公平的肯亞。,
m344/  競爭激烈的肯亞總統大選，反對黨橙色民主運動黨總統候選人歐丁嘉，在基惠圖宣布官方計票結果前不久，還領先吉巴基約三萬多票，但最後結果反而是吉巴基扭轉頹勢，以四百五十八萬多票擊敗歐丁嘉的四百三十五萬多票。,
m345/  沙柯吉結束與新女友卡拉布魯妮的埃及私人度假行程之後，展開五月就任以來第一次對中東正式訪問。布魯妮曾是模特兒，她與沙柯吉的度假之旅招來大批狗仔隊跟拍。,
m346/  發行人: 劉志聰；社址:台北市松江路二零九號採用本社稿件務經授權並請刊出「中央社」社名。,
m347/  陳總統晚上說，有人告訴他蔣介石那個「黑嚕嚕」的銅像要趕快移走，他覺得不必急著移，蔣介石這個威權時代的總統是兼法官和判官，有人判刑十年、二十年，送到了總統府，只要蔣介石一批示，就有可能判死刑，威權時代的總統就是這個樣子。,
m348/  彰化縣芬園鄉二十八日傳出一起女子遭棄屍的命案，一名女子被人發現陳屍在芬園鄉大彰路伍豐橋，女屍被發現時，臉朝下，褲子被脫到大腿處，彰化地檢署檢察官昨天前往殯儀館驗屍，發現女屍左、右手臂有抓痕及咬痕，脖子有輕微瘀青勒痕，而致命傷是胸部的肋骨斷裂，導致胸部大量出血死亡。,
m349/  官方為布托訂定的哀悼期將於今天晚間結束之際，全國各地的商店開始重新營業，讓這個在布托於二十七日遭到暗殺後飽受動亂破壞的國家能夠喘口氣。,
m350/  這位前旁遮普大學政治系負責人表示:「即使是在巴基斯坦加入全球反恐戰爭行列後，這些機構是否已徹底切斷與好戰份子間的關係，始終令人質疑。」,
m351/  在巴國國內，情報機構暗地與激進團體掛鉤、回教好戰團體高達數十個、還有數以百計部落集團，以及軍方的影響力遍及巴國人生活各個角落，因而殺害布托的動機可能也有一籮筐。,
m352/  分析家表示，如同巴基斯坦血腥政治史上的其他刺殺案，全世界或許永遠無法知曉到底是誰暗殺了前總理碧娜芝布托，但卻不乏可能的罪魁禍首。,
m353/  謝長廷表示，台灣的極端社會，凹下去的區塊是中產階級，現在大家都到中國，但十人中只有二人賺錢，中國改變稅制，未來一百人中將僅剩二人賺錢，到中國複製台灣經驗是錯誤的，應該是在台灣複製先進國家的經驗。,
m354/  明年一月國會改選賄聲賄影，民主進步黨總統參選人謝長廷今晚和台南地區年輕學子對談時，直指「賣票的是奴隸」，他表示，大家應拋棄老舊的想法，現在還買票賣票，笑死人了。,
m355/  根據業界指出，以羽絨大衣為例，已出現市售五七折的深度折扣，低至每件兩百八十八元。若是全家外出跨年，為讓小朋友有效禦寒，外套之外的保暖衛生衣褲分別有六二折、七五折價，襪類也有六九、七九折價，連毛線帽特價只要六十九元。,
m356/  張斌說「當晚回到住地，我曾經詢問專家，是否肯定為華南虎幼崽的骨架，專家稱概率很大」。,
m357/  凌子楚強調，民主制度哪有用「搓」和「喬」的事情，而且哪有會贏的，被不會贏的「搓掉」的道理?選舉不用正步，卻到處放毒、造謠、抹黑，這是什麼社會?他表示，如果當選，將徹底打破金權、瓦解派系，還給嘉義人一個乾淨的選舉。,
m358/  溜馬隊主控汀斯利腿筋受傷、替補中鋒哈瑞森背部拉傷今天都缺陣，溜馬隊由小歐尼爾奪得二十分、十一籃板，鄧勒維獲十八分，葛蘭格得十五分，跨季四連敗同時過去十五度交手第十次敗給活塞隊。,
m359/  義診服務內容有牙齒口腔疾病的篩檢、量測血壓、肝炎及二百人次的腎功能血液檢查等，並為五十五歲以上男性、四十五歲以上女性進行骨質密度檢查;康義勝強調，沿海鄉親血壓普遍偏高，骨質疏鬆，建議衛生局加強追蹤，這次義診發現病患也轉介給在地醫院持續治療。,
m360/  小慈過去由於不知道如何和別人相處，工作時常和人發生不愉快，後來逐漸不喜歡外出，時常賴床惹媽媽不高興，後來小慈參加友伴團體，交了好幾名朋友，假日經常結伴出外郊遊。她說，交朋友很快樂，無聊還可和朋友講電話，她進步好多，媽媽看了也很高興。,
m361/  民進黨第二選區候選人余政憲今天與服務團隊，再度到阿蓮大崗山，向清晨爬山運動的民眾揮手致意、尋求支持，與民眾寒喧，余政憲鼓勵民眾常運動就會有體力、保持活力。,
m362/  今天有五位獸醫師操刀，一隻狗兒絕育手術十多分鐘，部分晚到民眾拿不到號碼牌，林岱樺接受民眾建議後以母狗優先處理。,
m363/  在林岱樺爭取下中華民國菩提護生協會今天在鳳山市五甲國中舉辦免費絕育手術，由獸醫為狗結紮，降低流浪狗數量。協會已先後舉辦二十場絕育活動，約有一千八百隻狗結紮，今天是今年最後一場，吸引民眾帶著愛犬或認養的流浪狗到場結紮。,
m364/  李昆澤的新婚妻子廖翊百是小提琴老師，對於選舉與政治議題比較陌生，不過倒是很捧場李昆澤的造勢晚會，只要是被要求從不吝嗇演出，一首首動人的弦樂，令選民為之陶醉不已。,
m365/  釋開豐兩零零四年五月十三日病逝，享年七十四歲，龍發堂依他生前指示舉行坐缸法典，將遺體盤坐入甕，安放在大殿六層樓高的天台塑像內。原預計坐缸六年後開缸，但堂方稱，獲釋開豐指示肉身已成道，坐化三年即可開缸，今年八月初舉行開缸下天台儀式，並委由漆藝藝術家張貴章組成的團隊，運用天然漆處理肉身法體，以永久保存。,
m366/  在「全民大悶鍋」節目裡備受歡迎的郭子乾南下為姚文智贊聲，郭子乾先扮主持人「郭濤」跟台下民眾互動，接下來巧扮彭明敏、閣揆張俊雄及民進黨副總統參選人蘇貞昌、名嘴鄭弘儀等人，推薦姚文智，逗得大家笑聲連連。,
m367/  今年遊行的主角為統一超商小將家族大型汽球，今年首次增加波堤獅、法蘭奇咩咩以及宅急便黑貓大型氣球，高度都為十二公尺，讓遊行的氣勢更為壯觀。,
m368/  「舞蹈選擇我，不是我選擇舞蹈」，林美虹謙虛的說著舞蹈對她生命的影響，曾有一度因準備懷孕生子而放棄舞蹈，等她從低沉的情緒中轉念一想，才明白自己對舞蹈著魔，如同吸了毒一般無法割捨。回到編舞工作後，她形容好像「魚又回到水裡一般」的優游又自在。,
m369/  迎新典禮主持人由兩位在校同學擔任，分別為董事長楊正大及主播邱沁宜。開場台大管理學院副院長曹承礎及李吉仁一起敲響新生們入學的第一個鐘聲，象徵新生們正式進入台大這個大家庭。,
m370/  據警方初步調查後指出，花蓮市忠孝街一處廢棄房屋內常有一名楊姓遊民出入，但附近鄰居這幾天都沒看到楊姓遊民的蹤影，沒想到今天小朋友玩耍打球時，球滾進屋內進去撿球時，發現楊姓遊民倒在屋內，鄰居據報趕去查看時，發現楊姓遊民已經死亡多時。,
m371/  他表示，國民黨要執政，先要國會選舉過半，希望國民黨高縣四位候選人全上，高縣贏，國會就會贏;不然的話，他如當選總統，國會未過半，也是一個空殼的總統，發揮不了作用。,
m372/  在陳總統致詞前，他先說最近因為感冒一直沒好，聲音有點沙啞，但是為了守護台灣與大家作夥，沒有休息，也為了台灣打拼，就是再辛苦，就是再沒聲音，他也要撩下去。因此，在他講話過程中，護衛數次端上茶水給他潤喉、清清嗓子。,
m373/  退輔會表示，榮民們年輕時執干戈以衛社稷，退役後參與國家建設，奠定台灣經濟基礎，居功厥偉，當年十來歲的少年兵如今多已邁入耄耋之年，甚或孤苦一生而終。,
m374/  他表示，有人在路上對他做出不雅的姿勢，他體會對方的心情，都笑瞇瞇以對，沒有咒罵回應。「他們」眼看情勢越來越不好，心情可以體會。,
m375/  隔天她進棚錄影，這次製作單位找來三個夜店辣妹上節目聊恐怖經歷，正當其中一人講述朋友發生的怪事時，攝影棚竟突然燈光一暗，加上氣氛非常驚悚，害小潘潘以為鬧鬼，一問之下才知是跳電造成。,
m376/  此外，十一月底本國銀行備抵呆帳覆蓋率為百分之五十四點七六，較上個月減少零點五六個百分點。金管會表示，將持續監督逾放比偏高的銀行。,
m377/  他說，如果選務產生瑕疵，主辦者就要負起責任，為了讓選舉順利，十八縣市對於中選會的辦法雖不滿意，只有接受，否則就可能影響大選的進行。,
m378/  這次展覽同時推出王鑫生創意蓮花系列作品，以水光多面反照折射的特性，在畫布上營造迷人、夢幻情調，為蓮花婀娜清麗的姿態作出各種奇幻側寫。,
m379/  警方表示，由於國內市場廢鐵價格行情緊俏，當地經常發生公共設施，如水溝鐵蓋被竊賊偷走案等，這次整座鐵橋被竊一空在俄羅斯還是第一次。,
m380/  現任總統薩卡希維利是最有可能贏得五日大選的候選人。酒業大亨出身的卡切奇拉德茲，則是五名挑戰者中，實力最堅強的一位，十個在野黨有九個推舉卡切奇拉德茲參選。,
m381/  但是這個標榜「總統祝福」的公司表示，這個高價根本沒有嚇退客戶。蒲亭扮演者的身價是四萬盧布(一千六百美元)，而嚴寒老人和雪姑娘形象的扮演者的標準酬金一般為一萬盧布(四百美元)。,
m382/  北一女同學青春的倩影，甜美的笑容，剪接後的四分鐘緊湊演出，畫面不時出現同學們右手臂上青天白日滿天紅的國旗臂章，主播並說明同學們利用課餘與假日勤勉操練，表現十分精彩，一直到退場，總計提到四次台灣。,
m383/  競選連任的國民黨高雄縣第二選區立委林益世今天成立梓官鄉後援會婦女助選團，在縣議會副議長陸淑美、林益世母親沈若蘭帶領下，撕碎紅包袋，期待高縣不再傳出民代妻子收臭包。同選區立委候選人余政憲的太太鄭貴蓮則強烈要求明白指出民代的妻子是誰。,
m384/  守護台灣助選團今晚來到蘆洲，儘管天空飄著細雨，但仍吸引上千民眾參與，陳總統雖然身體不適，但仍到場以沙啞聲音為林淑芬助選，其間不時出現咳嗽的情形。總統笑說，他太太生病就拜託醫生來照顧，而他一定要來這裡拜託大家作他的手、他的腳，因為蘆洲絕不能輸。,
m385/  歐丁嘉所屬橙色民主運動的幹部昨天開始指控當局，蓄意拖延計票過程，以便竄改選舉結果。,
m386/  當時張斌正要介紹乒乓球運動員王楠上台之前，胡紫薇想上台發言，被張斌強行攔住，胡紫微說，「我今天不是作為一個節目主持人的身份，而是作為站在我身邊的張斌先生的太太，來為大家耽誤大家一分鐘的時間」。,
m387/  廖女是在二十九日凌晨四時三十分遭人潛入家中綑綁、矇住眼睛，並持刀恐嚇，她與對方發生扭打，仍被搶走兩千元。廖女報案，警方認為房門未被破壞應是熟人所為，經調閱監視器，發現案發前有一女揹著大型背包進入大樓，案發後竟是男性揹著背包離開，經廖女指認，懷疑可能是方男。,
m388/  為了趕進度，北富銀將米飛兔卡重新包裝發行，再加上原本的三張悠遊聯名卡，以及關係企業群策群力衝刺，趕在年底前倒數三天達成目標。,
m389/  第七屆立委選舉採取單一選區兩票制，花蓮選區的立委席次只有一席，現任的傅(山昆)萁和盧博基都卯足全力力拚出線，每天都在全縣各地奔波拜票，文宣戰也打得很火熱，但兩人的戰火似乎並未點燃選民的熱情，選戰議題並未成為選民茶餘飯後聊天的話題，與以往歷屆選舉的熱烈程度有很大的落差。,
m390/  二十六日:由於持續多天連綿大雨，導致東爪哇省與中爪哇省多個縣市幾乎成為澤國，中爪哇省古城梭羅和東爪哇省多個地區發生土石流，造成至少八十四人喪生。,
m391/  台北服飾文化館今天起展開為期一個月的西藏服飾文化特展，展出內容包括仁波切祈福法器、手轉經輪、藝術作品唐卡，及與故宮典藏文物同批同款的金銅雕。明年一月十二日也將有一場西藏法會，屆時仁波切也將到場，並有喇嘛跳金剛舞，讓民眾親近西藏文化。,
m392/  瑞士金融巨擘瑞士銀行今天宣布，該行已放棄向英國渣打集團收購在印度共同基金資產管理業務計畫。,
m393/  聽了這席話，洪瑛鎂豁然開朗，在學姐的安撫下情緒也漸漸平穩，現在終於克服心理障礙。,
m394/  這樣的陰影後來持續十多天，洪瑛鎂回基隆家裡時還帶著平安符，一直無法睡好覺。擔任救難隊員的父親後來向她表示，「我們救難隊員曾經救過連腸子都跑出來的傷者，颱風天也撈過浮屍，妳幫助捐器官行善的女孩，有什麼好怕?」,
m395/  五十歲的橋本文雄有一百多小時的飛行傘紀錄，住在南投縣埔里鎮，今天與二十多個日籍與台灣友人一起到屏東縣三地門鄉的賽嘉航空公園飛行，在飛行中遇到亂流，撞到了山壁，摔落山谷，警消人員花了一個多小時的時間把他救了起來。,
m396/  呂秀蓮指出，企業經理最近很拉風，因為南韓新當選總統李明博過去也是執行長，顯示企業經理人隨時可跨行，一直以來，大家都覺得台灣經濟不如南韓，但從這次總統大選結果來看，大家才恍然大悟，原來是因南韓經濟不好，才讓李明博出線。,
m397/  札卡利亞提出的保証，深受二十七日抵達視察的主辦團隊嘉許，同日，在茅利塔尼亞東北，有三名士兵遭武裝歹徒襲擊身亡。,
m398/  專文引述華府軍事專家費學禮的評論，指中國可能提供的教練機，使用烏克蘭製的渦輪風扇發動機，等級比不上「獵鷹」式高級教練機。,
m399/  警方根據這輛被偷走的貨櫃車追蹤裝置發現，竊賊將貨櫃車開離三哩，將貨櫃中超過三百箱的啤酒搬空後，丟棄這個顯眼的大貨車。,
m400/  這名現年二十二歲的學生佳麗在一家八卦雜誌刊出她以挑逗的姿態舔食罐裝優酪乳，及穿著泳裝在游泳池內擺出耶穌被釘在十字架上的照片後，即冒著可能被選美會主辦單位取消后冠資格的風險。,
m401/  例如，接受資助學畫畫與鋼琴的一些孩子曾經寫下下列的心情，包括「我真的好喜歡畫畫喔!不管是開心或是不開心的事情，都可以畫出來，我希望可以一直畫下去」、以及「謝謝兒福聯盟給我機會可以學鋼琴，我現在已經會彈好多世界名曲了，我一定會繼續好好的努力加油」。,
m402/  一零四人力銀行調查上班族過年轉職意願，結果有百分之十五點一的上班族選擇「穩定就業，完全不打算轉換工作」;百分之三十七點五上班族選擇低調「潛水轉職」;另有百分之二十八點一回答「目前有工作，近期會轉職」;僅百分之二點四明確獲得下一份工作機會。調查單位指出，跟去年高達半數上班族蠢蠢欲動相比，今年轉職季求職端明顯冷淡許多。,
m403/  另外，過去在複數選區最不希望看到的「超級吸票機」，一個候選人囊括大多數的選票，反將成為單一選區選制中的最好策略與結果。,
m404/  布托暗殺危機也引起希拉蕊再度槓上黨內主要對手歐巴馬。歐巴馬的首席策略專家昨天強調，希拉蕊於二零零二年參議員任內投票支持伊拉克戰爭，導致蓋達組織壯大。布托可能是遭蓋達組織策劃暗殺。,
m405/  從去年四月十五日第四季超級籃賽和裕隆陳志忠對撞後，達欣後衛蘇翊傑就因手肘傷勢無法上場，至今整整兩百五十六天才又回到戰場，就立刻繳出十六分、八助攻、四抄截的成績，替傷兵頗多的達欣注入強心針。,
m406/  目擊者表示，布托遺體運抵位於加利庫達巴克希村的家族墓園時，眾多的群眾發出震天怒吼。,
m407/  表揚大會今天在國家圖書館國際會議廳舉行。吳財順致詞表示，希望透過在場來賓的鼓勵、支持，肯定教育服務役男在「平衡城鄉教育差距」、「協助中輟生復學輔導」、「輔助特殊職能教育」、「維護校園安全」及「充實基層教育行政單位人力」等方面的成果與貢獻。,
m408/  報導表示，據中國國家信息中心報告分析，一九九八年至二零零六年，以現價計算的城鎮居民人均可支配收入平均增加百分之十點二，而現價住宅銷售額的增加卻達到百分之三十二點六。由於預期房地產價格將會繼續大幅上升，許多家庭抑制其他消費，以積攢首付款和支付月付款。,
m409/  當時得知台灣社會正處困苦之境，身在義大利的李智於二十五歲發願成為神父後，隔年就來到台灣，之後被派往澎湖馬公，進行醫療傳教工作，並與當地民眾一起胼手胝足，開拓窮鄉僻壤的離島地區，更大量將外來物資接應到當地，給貧苦的離島住戶。,
m410/  文化局指出，「全台獨嘉」管樂跨年晚會由藝人聶雲主持，並演唱具有爵士風的曲目，星光幫的安伯政、劉明峰、鴨子及快樂幫、蜜雪、薇祺等藝人，一一上台表演，屬於輕鬆搖滾的旺福樂團壓軸，精彩呈現熱門樂曲，一起與民眾嗨翻天。,
m411/  教育部國際文教處表示，外國留學生是國際友誼的橋樑，留學生人數多寡不僅是一個國家教育國際化及教育國際競爭力的重要指標，也是一個國家吸引力及影響力的表徵。,
m412/  統一證券指出，台股本週止跌反彈，目前上檔壓力在年線約八千五百二十三點、季線約八千八百九十四點，雖然多頭已漸恢復信心，但層層的上檔關卡仍橫亙在前，多方仍不可掉以輕心。,
m413/  面臨檢方可能再上訴，馬英九說是否有必要再虛耗司法資源，檢方應自己評估，他不做建議也無評論。一審宣判後他就建議，為避免全國三萬多使用過特別費的首長活在陰影下，檢察系統應統一見解，「但言者諄諄、聽者藐藐」，若比照綠營天王的標準，這類案件會少很多，「我就不會被起訴」。,
m414/  沙柯吉與女友離開之前，曾參觀勒克索另一座通常不對外開放的知名墓穴，這次他們參觀的是法老拉美西斯二世最受寵皇后娜芙塔莉的墳墓。,
m415/  至於法官判決馬英九領養流浪犬「馬小九」部分，退回檢方「馬英九妻子周美青涉侵占特別費案」併案偵辦，有媒體問及是否意謂檢方做「困獸之鬥」，對此，薛松雨說，這是檢方職權，他予以尊重，他不便揣測或做出評論。,
m416/  普羅迪在年終記者會中說，「政府只會因為國會信任投票未通過而垮台，不會因為某人的批評或聲明而垮台。」,
m417/  記者說，民眾朝當地警局扔擲石塊，某些私人車輛也難逃攻擊。,
m418/  記者詢及是否向民調一向領先的歐丁嘉坦承落敗，吉巴基回答說:「不要傻了!」,
m419/  夏瑪表示，直到二零零五年阿薩姆人權委員會知悉拉隆的案子後，才介入斡旋，為已邁入垂暮之年的拉隆辦理保釋。夏瑪譴責說，拉隆至死才算獲得自由的不幸，突顯了印度司法體系的顢頇。,
m420/  巴托摩說，救難人員「利用四具抽水機與塑膠管，沖刷覆蓋在屍體上厚達五公尺的泥濘」。,
m421/  高雄鳥會今天表示，茄萣濕地位於高雄縣茄萣鄉的崎漏村，舊時稱為竹滬鹽田，與永安鹽田合稱高雄鹽場。竹滬鹽田於一九八六年停曬荒廢迄今，由於人為干擾減少，面積廣大，逐漸聚集大量的雁鴨和水鳥，目前是高雄地區最主要的雁鴨度冬區，數量達五、六千隻，以尖尾鴨、小水鴨、琵嘴鴨、赤頸鴨為主。另於十二月初也發現珍貴的小天鵝出現在濕地。,
m422/  張政雄下午召開反賄選記者會，與會的蔡振南以充滿磁性的嗓音唱出「咱不是憨大呆」反賄選歌曲。由於領投票爭議尚未解決，蔡振南也被問到領投票問題，他說，不管幾階段，他都知道要選誰，投票所也有領投票圖例。,
m423/  研究小組表示，以體細胞複製而成的胚胎存活率僅百分之五，以幹細胞複製的胚胎存活率則高達百分之二十。,
m424/  他們表示，不同於傳統使用體細胞的複製方式，他們從豬的骨髓中取出幹細胞複製胚胎，使得成功率大增。,
m425/  環保局表示，被指控涉嫌賄選的那次餐敘是因當時蕭裕正局長祭出「非法小廣告三天內斷話」的政策，而三民東區隊表現優異，且相當辛勞，因此他設宴慰勞基層幹部;而之前與溝渠隊聚餐，同樣是因為颱風過後隊員們清疏民生大排、愛河河面，蕭裕正有感溝渠隊工作環境惡劣，非民眾所能想像，才從局長特別費撥款犒賞。,
m426/  「從事陶藝創作是個偶然」，葉平和說，他平時和朋友聚會，有一位朋友的興趣就是陶藝，他以外行人觀察許久，忍不住手癢，也不管根本沒學過陶藝，就砸下重金，到台北購買相關設備，邊摸索邊創作，一眨眼已過了十三年。,
m427/  家扶九十六年度十大兒保新聞為，「可憐黎小弟遭嬸婆虐死」、「三歲童嚼檳榔、乎乾啦、緊急安置」、「吊在起重機毒打，六歲童被虐死」、「一歲女嬰渾身淤青，疑遭虐死」、「離婚男子攜兩女燒炭」、「上了獄友妻、打死她三歲子」、「肚餓偷吃餅，童遭狠母球棒毒打」、「少婦揮醉拳，打死半歲親生女」、「資優姊妹花，像住亂倫營」、「長大當有錢人，母子燒炭三死」。,
m428/  謝明源(台中市)及台中市議員王岳彬上午在立法院召開記者會表示，台中市數年前已經拆遷的眷村，包括:陸光九村、陸光十村、水湳東村及貿易三村，雖然目前已經野草叢生、成為停車場或棒球場，但竟然還有眷村居民戶籍沒有遷走、擁有投票權。,
m429/  專案小組昨天下午近四時持搜索票搜索廖姓男子租住處，在化妝台抽屜查獲海洛因、安非他命、愷他命等毒品，以及磅秤、大批分裝夾鍊袋，並逮捕廖姓男子等三人，帶回偵訊。,
m430/  同時，上海還公佈了今年官員反腐教育相關數據。自七月十二日以來，上海紀委、組織部、宣傳部開始在官員中推進反腐教育。在反貪腐教育過程中公佈了陳良宇違紀情節的書面文件、陳良宇前秘書秦裕等人認罪懺悔的紀錄片「貪慾之害」、上海市委原副秘書長孫路一等人的悔過書等。,
m431/  陳總統說，當初他在公文立即批示，尊重家屬的意願，依國葬法妥慎辦理。理論上一個人只能一次國葬，不可能有兩次，他也指示相關部會好好辦理，並且在二零零五年下半年辦理移葬奉安等各項事宜，沒想到經過兩年後，她們說不要了，如今墓地完成，花費三千一百多萬元，卻空在那裡，只是因為後面多出一個蔣孝嚴;現在家屬又說要移到中國大陸，難道台灣人這麼笨，一切都被「莊孝維」。,
m432/  最後通牒期限內，新竹市長林政則昨天宣布請辭竹市選委會主委，邱義仁簡短表示「尊重」，行政院官員雖態度低調，也難掩「欣慰」之情;有官員私下表示，林政則請辭是自認理虧。林政則讓出主委位子，被視為藍營立場鬆動跡象，行政院扛出六法全書，果然比登廣告宣導有效。,
m433/  中選會委員劉光華表示，今天修規程就如同比賽一半才臨時訂競賽歸則，正因行政院自忖沒把握能用考績法、刑法、公務人員服務法、懲戒法來逼地方就範，才會今天修規程，根本是「此地無銀三百兩」，他查遍中華民國法規，沒有任何法條賦予行政院長可以直接撤銷公職人員。,
m434/  受邀的十七位獨居老人圍著一張大圓桌坐，先由幼兒園十四名小朋友表演年初三夜裡老鼠迎親的民俗戲劇，七十八歲的郭奶奶擔綱演新娘，她穿著鳳冠霞帔，坐在輪椅與紗帳裝置成的鳳輦上，扮演老鼠新郎的小朋友騎著木馬，其他鼠寶寶捧著好彩頭蘿蔔等象徵年菜的蔬果，迎親隊伍繞著圓桌走一圈，也有分享年菜的意思。,
m435/  除房舍外，當時因應戰爭所留下來的公共設施，如消防栓、各式防空洞、戰略用碉堡仍完整保留。,
m436/  中國大量生物遺傳資源流失外國，並被一些外國公司搶註為專利產品。美國默沙東公司從中國傳統醫藥植物「風籐」提取治療支氣管疾病的成分，申請獲得專利。法國羅納普朗克公司和英國史克公司從黃花蒿中分離出可治療腦瘧疾的黃花蒿素，申請獲得專利。法國博福實驗室和德國威瑪舒培公司從銀杏中提取治療氣喘的成分，申請獲得專利。,
m437/  今年十月初柯羅莎颱風來襲，強風豪雨不但造成農作嚴重損害，豐沛的雨量流入溪河，在湍急的水流沖蝕下，東勢段大安溪出現深槽化，形成河床高低落差達十公尺以上，特殊景觀經媒體披露後，大批人潮紛紛湧入參觀。,
m438/  警方調查，集團在台南縣關廟鄉布袋村龜洞段一帶，利用山區稜線架網攔鴿，從賽鴿腳環上電話，向鴿主恐嚇勒贖，每隻贖金二千元到二萬元不等，若鴿主未將贖款匯入人頭帳戶，就恐嚇殺鴿，而集團首腦是一對夫妻，以開設鸚鵡鴿園為幌子，犯案範圍遍及雲林、嘉義、台南、高雄等南台灣地區。,
m439/  放鬆後，阿亮突然像出關的小孩，拉著所有夥伴大吃大喝瘋狂慶功，光沙嗲就點了十盤的壯舉嚇傻了馬來籍廚師。,
m440/  我說諞言,
m441/  我說喵叫,
m442/  我說悶頭,
m443/  我說㩐斷,
m444/  我說骨頭,
m445/  我說骰子,
m446/  我說堧垣,
m447/  我說噴鼻,
m448/  我說嘴一咧,
m449/  我說囡囡,
m450/  我說囉唆,
m451/  我說啜茗,
m452/  我說礤床兒,
m453/  我說跬步,
m454/  我說饕餮,
m455/  我說木訥,
m456/  我說騰趠,
m457/  我說釓金屬,
m458/  我說起鬨,
m459/  我說齉鼻子,
m460/  我說摟攬,
m461/  我說摳住,
m462/  我說拽大拳,
m463/  我說羧酸,
m464/  我說害臊,
m465/  我說嘔氣,
m466/  我說勒緊,
m467/  我說踹踏,
m468/  我說諄諄教誨,
m469/  我說倉廩,
m470/  我說蔫土匪,
m471/  我說汆燙,
m472/  我說巷衖,
m473/  我說褲衩,
m474/  我說謥詷,
m475/  我說蘭茝,
m476/  我說瘸腿,
m477/  我說叵測,
m478/  我說一匴,
m479/  我說矇騙,
m480/  我說兔兒,
m481/  我說好愻,
m482/  我說懭悢,
m483/  我說疲苶,
m484/  我說黈纊,
m485/  我說溫黁,
m486/  我說村畽,
m487/  我說耕耨,
m488/  我說夯實,
m489/  我說嗄,
m490/  我說嘚啵,
m491/  我說瑱圭,
m492/  我說芳蕤,
m493/  我說刷選,
m494/  我說糙米,
m495/  我說雙棒兒,
m496/  我說岑寂,
m497/  我說亂囃,
m498/  我說攢眉,
m499/  我說哄騙,
m500/  我說糗事,
m501/  我說不著,
m502/  我說卡片,
m503/  我說韠琫,
m504/  我說旮旯,
m505/  我說餔啜,
m506/  我說排子車,
m507/  我說哈巴狗,
m508/  我說熟記,
m509/  我說圳溝,
m510/  我說作揖,
m511/  我說啽囈,
m512/  我說掐算,
m513/  我說噁心,
m514/  我說踸踔,
m515/  我說磨蹭,
m516/  我說奘大,
m517/  我說瞎掰,
m518/  我說擰開,
m519/  我說捧哏,
m520/  我說撇開,
m521/  我說非得,
m522/  我說顒望,
m523/  我說欻拉,
m524/  我說抔土,
m525/  我說吸吮,
m526/  我說啷噹,
m527/  我說曩昔,
m528/  我說嚷嚷,
m529/  我說屌毛,
m530/  我說開嗙,
m531/  我說駔儈,
m532/  我說啥子,
m533/  我說攥緊,
m534/  我說九芎,
m535/  我說阿哥,
m536/  我說吃癟,
m537/  我說不對,
m538/  我說捯飭,
m539/  我說噘嘴,
m540/  我說勾拽,
m541/  我說挑撥,
m542/  我說彆扭,
m543/  我說拐騙,
m544/  我說甩掉,
m545/  我說平仄,
m546/  我說真艮,
m547/  我說尻坐,
m548/  我說誰人,
m549/  我說剝削,
m550/  我說涮涮鍋,
m551/  我說玉簪,
m552/  我說摁電鈴,
m553/  我說搋衣服,
m554/  我說叢脞,
m555/  我說油汆,
m556/  我說氁綾,
m557/  我說腌䐶,
m558/  我說譖言,
m559/  我說扔引,
m560/  我說蹇驢,
m561/  我說發怔,
m562/  我說蒯通,
m563/  我說轡鞥,
m564/  我說蠻橫,
m565/  我說冰雹,
m566/  我說鼓鼓囊囊,
m567/  我說詗察,
m568/  我說甭用,
m569/  我說掯勒,
m570/  我說哦呀,
m571/  我說掄拳,
m572/  我說莽撞,
m573/  我說魚鰾,
m574/  我說俺家,
m575/  我說聽憑,
m576/  我說譨譨,
m577/  我說氣噎,
m578/  我說膗樣,
m579/  我說跩動,
m580/  我說踉蹌,
m581/  我說舸艦,
m582/  我說剖析,
m583/  我說逡巡,
m584/  我說嫳屑,
m585/  我說水蠆,
m586/  我說混濁,
m587/  我說憋拗,
m588/  我說避難,
m589/  我說二不稜登,
m590/  我說炮銃,
m591/  我說晃動,
m592/  我說參差,
m593/  我說歪腳,
m594/  我說洨縣,
m595/  我說顢頇,
m596/  我說沆瀣,
m597/  我說嵯峨,
m598/  我說齁聲,
m599/  我說纂修,
m600/  我說雜糅,
m601/  我說彖辭,
m602/  我說泡妞,
m603/  我說漂白,
m604/  我說唉唷,
m605/  我說迸裂,
m606/  我說伈伈,
m607/  我說撙節,
m608/  我說躉售,
m609/  我說孬種,
m610/  我說水瓢,
m611/  我說扃戶,
m612/  我說倔頭倔腦,
m613/  我說慚恧,
m614/  我說淪喪,
m615/  我說那鑒,
m616/  我說繁冗,
m617/  我說憤愾,
m618/  我說崩殂,
m619/  我說亂騰騰,
m620/  我說釜鬵,
m621/  我說鱉裙,
m622/  我說攘臂,
m623/  我說味噌,
m624/  我說芣苡,
m625/  我說蓊鬱,
m626/  我說竹簍,
m627/  我說楚些